contractSymbol,strike,lastPrice,bid,ask,impliedVolatility,expirationDate
AAPL250620C00005000,5.0,191.26,190.8,191.85,13.5625015234375,2025-06-20
AAPL250620C00010000,10.0,192.64,185.4,187.55,7.500000625,2025-06-20
AAPL250620C00015000,15.0,182.12,180.35,182.65,6.87500140625,2025-06-20
AAPL250620C00020000,20.0,183.0,175.4,177.1,8.519535925292967,2025-06-20
AAPL250620C00025000,25.0,171.33,170.35,172.15,7.742187822265626,2025-06-20
AAPL250620C00030000,30.0,170.25,172.4,173.4,11.921877548828125,2025-06-20
AAPL250620C00035000,35.0,162.06,160.35,162.15,6.453126933593751,2025-06-20
AAPL250620C00040000,40.0,157.05,155.45,157.1,5.882815146484376,2025-06-20
AAPL250620C00045000,45.0,152.05,150.35,152.65,3.9218751953125004,2025-06-20
AAPL250620C00050000,50.0,146.75,145.9,147.1,3.6406258984375004,2025-06-20
AAPL250620C00055000,55.0,146.97,140.4,142.2,4.851566435546873,2025-06-20
AAPL250620C00060000,60.0,143.05,135.45,137.1,4.429691962890624,2025-06-20
AAPL250620C00065000,65.0,138.08,130.35,132.15,4.199223500976563,2025-06-20
AAPL250620C00070000,70.0,131.35,125.45,127.15,3.93750015625,2025-06-20
AAPL250620C00075000,75.0,123.58,120.75,122.15,0.500005,2025-06-20
AAPL250620C00080000,80.0,117.25,115.45,117.15,3.4658216479492188,2025-06-20
AAPL250620C00085000,85.0,112.0,110.9,112.15,2.3828165429687496,2025-06-20
AAPL250620C00090000,90.0,107.5,105.45,107.15,3.0517601831054684,2025-06-20
AAPL250620C00095000,95.0,106.95,101.2,101.9,2.156254609375,2025-06-20
AAPL250620C00100000,100.0,97.05,95.5,97.15,2.6816439208984377,2025-06-20
AAPL250620C00105000,105.0,100.05,90.65,92.3,1.6171894140625,2025-06-20
AAPL250620C00110000,110.0,86.19,85.5,86.95,2.2109419726562494,2025-06-20
AAPL250620C00115000,115.0,80.75,80.8,82.05,2.1269578076171873,2025-06-20
AAPL250620C00120000,120.0,77.26,76.05,77.1,1.5546897265624997,2025-06-20
AAPL250620C00125000,125.0,72.07,70.45,71.95,1.7773448632812499,2025-06-20
AAPL250620C00130000,130.0,68.2,66.05,67.0,1.2421912890624998,2025-06-20
AAPL250620C00135000,135.0,61.41,61.0,62.0,1.0859420703125,2025-06-20
AAPL250620C00140000,140.0,57.63,56.05,57.05,1.0781296093750001,2025-06-20
AAPL250620C00145000,145.0,52.09,50.95,52.15,0.9804689453125001,2025-06-20
AAPL250620C00150000,150.0,45.85,46.1,47.1,0.9345709667968749,2025-06-20
AAPL250620C00155000,155.0,41.53,41.0,42.2,0.8349625878906248,2025-06-20
AAPL250620C00160000,160.0,37.5,36.3,37.0,0.772463212890625,2025-06-20
AAPL250620C00165000,165.0,31.5,31.1,32.25,0.6875031250000001,2025-06-20
AAPL250620C00170000,170.0,26.3,26.4,27.0,0.5996133789062501,2025-06-20
AAPL250620C00175000,175.0,21.35,21.5,22.0,0.51758294921875,2025-06-20
AAPL250620C00180000,180.0,16.4,16.6,17.1,0.5019581054687501,2025-06-20
AAPL250620C00185000,185.0,11.7,11.95,12.15,0.39160764648437496,2025-06-20
AAPL250620C00187500,187.5,9.43,9.6,9.85,0.35986968261718744,2025-06-20
AAPL250620C00190000,190.0,7.3,7.5,7.65,0.3303289624023437,2025-06-20
AAPL250620C00192500,192.5,5.5,5.5,5.65,0.30774618041992186,2025-06-20
AAPL250620C00195000,195.0,3.85,3.8,3.95,0.2934640966796874,2025-06-20
AAPL250620C00197500,197.5,2.46,2.44,2.49,0.274421318359375,2025-06-20
AAPL250620C00200000,200.0,1.4,1.41,1.45,0.26343510009765625,2025-06-20
AAPL250620C00202500,202.5,0.74,0.74,0.77,0.2561109545898438,2025-06-20
AAPL250620C00205000,205.0,0.38,0.38,0.4,0.2563550927734375,2025-06-20
AAPL250620C00207500,207.5,0.2,0.2,0.22,0.264655791015625,2025-06-20
AAPL250620C00210000,210.0,0.12,0.11,0.14,0.28125718749999995,2025-06-20
AAPL250620C00212500,212.5,0.09,0.08,0.09,0.29688203124999996,2025-06-20
AAPL250620C00215000,215.0,0.06,0.06,0.07,0.32031929687499994,2025-06-20
AAPL250620C00217500,217.5,0.04,0.04,0.05,0.33789724609375,2025-06-20
AAPL250620C00220000,220.0,0.04,0.04,0.05,0.36914693359375,2025-06-20
AAPL250620C00222500,222.5,0.04,0.03,0.05,0.40039662109375,2025-06-20
AAPL250620C00225000,225.0,0.04,0.02,0.04,0.41797457031249996,2025-06-20
AAPL250620C00227500,227.5,0.03,0.02,0.04,0.44922425781249997,2025-06-20
AAPL250620C00230000,230.0,0.02,0.02,0.03,0.46094289062500005,2025-06-20
AAPL250620C00232500,232.5,0.03,0.01,0.03,0.48828636718750007,2025-06-20
AAPL250620C00235000,235.0,0.01,0.01,0.02,0.49219257812500006,2025-06-20
AAPL250620C00240000,240.0,0.01,0.0,0.01,0.507817421875,2025-06-20
AAPL250620C00245000,245.0,0.01,0.0,0.02,0.5546919531250001,2025-06-20
AAPL250620C00250000,250.0,0.01,0.0,0.01,0.5625043750000001,2025-06-20
AAPL250620C00255000,255.0,0.01,0.0,0.01,0.6093789062500001,2025-06-20
AAPL250620C00260000,260.0,0.01,0.0,0.01,0.6562534375000001,2025-06-20
AAPL250620C00265000,265.0,0.01,0.0,0.01,0.6875031250000001,2025-06-20
AAPL250620C00270000,270.0,0.01,0.0,0.01,0.7187528125,2025-06-20
AAPL250620C00275000,275.0,0.01,0.0,0.01,0.7656273437500001,2025-06-20
AAPL250620C00280000,280.0,0.01,0.0,0.01,0.8125018749999999,2025-06-20
AAPL250620C00285000,285.0,0.01,0.0,0.01,0.8437515624999999,2025-06-20
AAPL250620C00290000,290.0,0.01,0.0,0.01,0.87500125,2025-06-20
AAPL250620C00295000,295.0,0.01,0.0,0.01,0.9062509375,2025-06-20
AAPL250620C00300000,300.0,0.01,0.0,0.01,0.937500625,2025-06-20
AAPL250620C00305000,305.0,0.02,0.0,0.01,0.9687503125,2025-06-20
AAPL250620C00310000,310.0,0.01,0.0,0.01,1.000005,2025-06-20
AAPL250620C00320000,320.0,0.01,0.0,0.01,1.0625046875000002,2025-06-20
AAPL250620C00330000,330.0,0.01,0.0,0.01,1.125004375,2025-06-20
AAPL250620C00340000,340.0,0.01,0.0,0.01,1.1875040625,2025-06-20
AAPL250620C00350000,350.0,0.01,0.0,0.01,1.2500037499999999,2025-06-20
AAPL250620C00360000,360.0,0.01,0.0,0.01,1.3125034374999998,2025-06-20
AAPL250627C00110000,110.0,90.89,85.55,87.15,1.6582048339843751,2025-06-27
AAPL250627C00120000,120.0,82.1,76.05,77.15,1.126957490234375,2025-06-27
AAPL250627C00130000,130.0,73.6,65.6,67.8,1.0361376318359379,2025-06-27
AAPL250627C00135000,135.0,64.72,60.55,62.4,0.710940390625,2025-06-27
AAPL250627C00140000,140.0,63.51,56.35,57.1,0.88476677734375,2025-06-27
AAPL250627C00145000,145.0,54.65,50.6,52.15,0.9570316796874999,2025-06-27
AAPL250627C00150000,150.0,46.75,45.7,47.4,0.62305064453125,2025-06-27
AAPL250627C00160000,160.0,42.75,36.25,37.4,0.6113320117187502,2025-06-27
AAPL250627C00165000,165.0,32.65,31.3,32.6,0.5678754150390625,2025-06-27
AAPL250627C00170000,170.0,26.43,26.05,27.45,0.5800823242187501,2025-06-27
AAPL250627C00175000,175.0,23.01,21.7,22.35,0.4770560107421875,2025-06-27
AAPL250627C00180000,180.0,17.3,17.15,17.5,0.4089414575195312,2025-06-27
AAPL250627C00185000,185.0,12.52,12.65,12.95,0.36255520263671875,2025-06-27
AAPL250627C00190000,190.0,8.43,8.6,8.75,0.3219061950683593,2025-06-27
AAPL250627C00195000,195.0,5.18,5.15,5.35,0.30005582763671873,2025-06-27
AAPL250627C00200000,200.0,2.58,2.68,2.75,0.27722890747070306,2025-06-27
AAPL250627C00205000,205.0,1.17,1.16,1.23,0.26709717285156254,2025-06-27
AAPL250627C00210000,210.0,0.47,0.47,0.5,0.26563234375,2025-06-27
AAPL250627C00215000,215.0,0.22,0.22,0.24,0.28125718749999995,2025-06-27
AAPL250627C00220000,220.0,0.11,0.12,0.13,0.301764794921875,2025-06-27
AAPL250627C00225000,225.0,0.08,0.07,0.08,0.32520206054687495,2025-06-27
AAPL250627C00230000,230.0,0.04,0.04,0.06,0.35547519531249994,2025-06-27
AAPL250627C00235000,235.0,0.04,0.03,0.04,0.37695935546875,2025-06-27
AAPL250627C00240000,240.0,0.03,0.02,0.03,0.4023497265625,2025-06-27
AAPL250627C00245000,245.0,0.03,0.02,0.03,0.437505625,2025-06-27
AAPL250627C00250000,250.0,0.01,0.01,0.03,0.4726615234375,2025-06-27
AAPL250627C00255000,255.0,0.01,0.0,0.03,0.507817421875,2025-06-27
AAPL250627C00260000,260.0,0.01,0.01,0.02,0.5039112109375,2025-06-27
AAPL250627C00265000,265.0,0.01,0.0,0.02,0.51562984375,2025-06-27
AAPL250627C00270000,270.0,0.01,0.0,0.02,0.5468795312500001,2025-06-27
AAPL250627C00275000,275.0,0.01,0.0,0.01,0.5468795312500001,2025-06-27
AAPL250627C00280000,280.0,0.01,0.0,0.01,0.5625043750000001,2025-06-27
AAPL250627C00285000,285.0,0.02,0.0,0.01,0.5937540625000001,2025-06-27
AAPL250627C00290000,290.0,0.03,0.0,0.01,0.6250037500000001,2025-06-27
AAPL250627C00295000,295.0,0.01,0.0,0.01,0.64062859375,2025-06-27
AAPL250627C00300000,300.0,0.01,0.0,0.01,0.6562534375000001,2025-06-27
AAPL250627C00310000,310.0,0.02,0.0,0.01,0.7187528125,2025-06-27
AAPL250627C00315000,315.0,0.01,0.0,0.01,0.73437765625,2025-06-27
AAPL250627C00325000,325.0,0.02,0.0,0.01,0.7812521875,2025-06-27
AAPL250703C00140000,140.0,59.42,56.35,57.4,0.7973653076171875,2025-07-03
AAPL250703C00150000,150.0,52.25,46.1,47.45,0.6264685791015626,2025-07-03
AAPL250703C00155000,155.0,47.5,41.1,43.2,0.6538120556640626,2025-07-03
AAPL250703C00165000,165.0,34.12,31.3,32.95,0.507817421875,2025-07-03
AAPL250703C00170000,170.0,29.38,26.55,28.25,0.5778850805664062,2025-07-03
AAPL250703C00175000,175.0,25.13,22.05,22.85,0.4555718505859375,2025-07-03
AAPL250703C00180000,180.0,17.3,17.65,18.05,0.39465937377929694,2025-07-03
AAPL250703C00185000,185.0,13.24,13.2,13.6,0.3530338134765625,2025-07-03
AAPL250703C00190000,190.0,9.31,9.35,9.6,0.32227240234374993,2025-07-03
AAPL250703C00195000,195.0,5.96,6.1,6.25,0.3006661730957031,2025-07-03
AAPL250703C00200000,200.0,3.5,3.5,3.65,0.28284408569335934,2025-07-03
AAPL250703C00205000,205.0,1.78,1.82,1.89,0.26978269287109374,2025-07-03
AAPL250703C00210000,210.0,0.86,0.86,0.92,0.2661206201171875,2025-07-03
AAPL250703C00215000,215.0,0.4,0.41,0.46,0.27173579833984374,2025-07-03
AAPL250703C00220000,220.0,0.22,0.21,0.24,0.28174546386718746,2025-07-03
AAPL250703C00225000,225.0,0.14,0.12,0.15,0.299811689453125,2025-07-03
AAPL250703C00230000,230.0,0.1,0.08,0.11,0.3242255078124999,2025-07-03
AAPL250703C00235000,235.0,0.07,0.06,0.08,0.344733115234375,2025-07-03
AAPL250703C00240000,240.0,0.06,0.03,0.06,0.36524072265625,2025-07-03
AAPL250703C00245000,245.0,0.04,0.04,0.05,0.38867798828125,2025-07-03
AAPL250703C00250000,250.0,0.04,0.03,0.04,0.40820904296875,2025-07-03
AAPL250703C00255000,255.0,0.05,0.02,0.03,0.42578699218750005,2025-07-03
AAPL250703C00260000,260.0,0.04,0.02,0.03,0.45313046875,2025-07-03
AAPL250703C00265000,265.0,0.03,0.0,0.03,0.4804739453125,2025-07-03
AAPL250703C00270000,270.0,0.02,0.0,0.02,0.48438015625,2025-07-03
AAPL250703C00275000,275.0,0.02,0.0,0.03,0.5312546875,2025-07-03
AAPL250703C00280000,280.0,0.02,0.0,0.02,0.500005,2025-07-03
AAPL250703C00290000,290.0,0.01,0.0,0.02,0.5468795312500001,2025-07-03
AAPL250703C00295000,295.0,0.03,0.0,0.02,0.570316796875,2025-07-03
AAPL250703C00325000,325.0,0.02,0.0,0.01,0.6562534375000001,2025-07-03
AAPL250711C00130000,130.0,70.2,65.5,67.45,0.5468795312500001,2025-07-11
AAPL250711C00135000,135.0,65.15,61.35,62.5,0.7500025,2025-07-11
AAPL250711C00140000,140.0,60.26,55.75,57.8,0.6430699755859376,2025-07-11
AAPL250711C00150000,150.0,46.9,46.65,47.55,0.6044961425781252,2025-07-11
AAPL250711C00160000,160.0,38.35,36.85,37.75,0.5148974291992188,2025-07-11
AAPL250711C00170000,170.0,27.5,27.3,28.1,0.47485876708984376,2025-07-11
AAPL250711C00175000,175.0,23.9,22.75,23.3,0.4226131958007812,2025-07-11
AAPL250711C00180000,180.0,18.15,18.3,18.65,0.3764710791015625,2025-07-11
AAPL250711C00185000,185.0,14.25,14.1,14.45,0.34888346435546874,2025-07-11
AAPL250711C00190000,190.0,10.15,10.2,10.7,0.3283758569335937,2025-07-11
AAPL250711C00195000,195.0,6.98,7.1,7.3,0.30286341674804684,2025-07-11
AAPL250711C00200000,200.0,4.5,4.5,4.65,0.28613995117187496,2025-07-11
AAPL250711C00205000,205.0,2.58,2.56,2.7,0.2722240747070312,2025-07-11
AAPL250711C00210000,210.0,1.39,1.43,1.5,0.2668530346679688,2025-07-11
AAPL250711C00215000,215.0,0.74,0.75,0.82,0.2672192419433594,2025-07-11
AAPL250711C00220000,220.0,0.41,0.42,0.47,0.2739330419921875,2025-07-11
AAPL250711C00225000,225.0,0.26,0.24,0.32,0.29053443847656246,2025-07-11
AAPL250711C00230000,230.0,0.17,0.15,0.18,0.295905478515625,2025-07-11
AAPL250711C00235000,235.0,0.11,0.11,0.15,0.3193427441406249,2025-07-11
AAPL250711C00240000,240.0,0.08,0.07,0.11,0.334967587890625,2025-07-11
AAPL250711C00245000,245.0,0.08,0.07,0.1,0.358404853515625,2025-07-11
AAPL250711C00250000,250.0,0.06,0.03,0.07,0.36914693359375,2025-07-11
AAPL250711C00255000,255.0,0.04,0.02,0.06,0.387701435546875,2025-07-11
AAPL250711C00260000,260.0,0.07,0.03,0.05,0.40430283203125,2025-07-11
AAPL250711C00270000,270.0,0.03,0.02,0.05,0.45117736328125,2025-07-11
AAPL250711C00275000,275.0,0.02,0.0,0.04,0.46289599609375004,2025-07-11
AAPL250711C00280000,280.0,0.03,0.0,0.03,0.4687553125,2025-07-11
AAPL250711C00300000,300.0,0.02,0.0,0.03,0.51562984375,2025-07-11
AAPL250711C00325000,325.0,0.01,0.0,0.01,0.5468795312500001,2025-07-11
AAPL250718C00090000,90.0,115.24,105.75,107.6,1.1435589697265625,2025-07-18
AAPL250718C00095000,95.0,107.37,100.7,103.15,1.1982461962890625,2025-07-18
AAPL250718C00100000,100.0,104.94,96.35,97.55,1.1313519995117187,2025-07-18
AAPL250718C00105000,105.0,97.38,90.75,92.65,0.9492192578124999,2025-07-18
AAPL250718C00110000,110.0,95.46,85.85,87.4,0.84179845703125,2025-07-18
AAPL250718C00115000,115.0,90.75,81.15,82.9,0.9438482177734374,2025-07-18
AAPL250718C00120000,120.0,86.0,75.95,77.5,0.7773459765625,2025-07-18
AAPL250718C00125000,125.0,72.66,71.7,72.4,0.8212908496093749,2025-07-18
AAPL250718C00130000,130.0,73.74,66.05,68.25,0.7827170166015626,2025-07-18
AAPL250718C00135000,135.0,64.05,61.5,62.6,0.7006865869140625,2025-07-18
AAPL250718C00140000,140.0,56.65,56.85,57.6,0.676761044921875,2025-07-18
AAPL250718C00145000,145.0,57.95,51.4,52.9,0.6052285571289064,2025-07-18
AAPL250718C00150000,150.0,46.85,46.75,47.9,0.5766643896484375,2025-07-18
AAPL250718C00155000,155.0,47.57,41.85,43.05,0.5363815893554689,2025-07-18
AAPL250718C00160000,160.0,37.7,37.15,38.05,0.5429733203125001,2025-07-18
AAPL250718C00165000,165.0,32.45,32.7,33.0,0.4770560107421875,2025-07-18
AAPL250718C00170000,170.0,27.9,27.95,28.3,0.44067942138671873,2025-07-18
AAPL250718C00175000,175.0,23.28,23.4,23.7,0.40552352294921873,2025-07-18
AAPL250718C00180000,180.0,18.85,19.05,19.3,0.3751283190917969,2025-07-18
AAPL250718C00185000,185.0,14.89,14.95,15.15,0.3474796697998046,2025-07-18
AAPL250718C00190000,190.0,11.05,11.25,11.4,0.32483585327148434,2025-07-18
AAPL250718C00195000,195.0,8.0,8.0,8.15,0.306220316772461,2025-07-18
AAPL250718C00200000,200.0,5.34,5.35,5.55,0.2935251312255859,2025-07-18
AAPL250718C00205000,205.0,3.4,3.35,3.5,0.2805858074951171,2025-07-18
AAPL250718C00210000,210.0,2.07,2.03,2.1,0.27283442016601556,2025-07-18
AAPL250718C00215000,215.0,1.19,1.18,1.24,0.2708813146972656,2025-07-18
AAPL250718C00220000,220.0,0.72,0.7,0.74,0.273444765625,2025-07-18
AAPL250718C00225000,225.0,0.44,0.44,0.46,0.28003649658203117,2025-07-18
AAPL250718C00230000,230.0,0.3,0.28,0.3,0.2890696093749999,2025-07-18
AAPL250718C00235000,235.0,0.2,0.19,0.21,0.3012765185546875,2025-07-18
AAPL250718C00240000,240.0,0.16,0.15,0.16,0.31641308593749995,2025-07-18
AAPL250718C00245000,245.0,0.1,0.1,0.11,0.32520206054687495,2025-07-18
AAPL250718C00250000,250.0,0.09,0.08,0.09,0.340826904296875,2025-07-18
AAPL250718C00255000,255.0,0.07,0.06,0.08,0.35938140625,2025-07-18
AAPL250718C00260000,260.0,0.05,0.04,0.05,0.36133451171875,2025-07-18
AAPL250718C00265000,265.0,0.05,0.04,0.05,0.38281867187499996,2025-07-18
AAPL250718C00270000,270.0,0.04,0.02,0.05,0.40430283203125,2025-07-18
AAPL250718C00275000,275.0,0.03,0.02,0.04,0.414068359375,2025-07-18
AAPL250718C00280000,280.0,0.02,0.01,0.02,0.4023497265625,2025-07-18
AAPL250718C00285000,285.0,0.02,0.01,0.02,0.42188078125,2025-07-18
AAPL250718C00290000,290.0,0.01,0.0,0.02,0.437505625,2025-07-18
AAPL250718C00295000,295.0,0.02,0.0,0.03,0.47461462890625,2025-07-18
AAPL250718C00300000,300.0,0.01,0.01,0.03,0.49219257812500006,2025-07-18
AAPL250718C00305000,305.0,0.01,0.0,0.03,0.507817421875,2025-07-18
AAPL250718C00310000,310.0,0.02,0.0,0.02,0.507817421875,2025-07-18
AAPL250718C00315000,315.0,0.01,0.0,0.02,0.523442265625,2025-07-18
AAPL250718C00320000,320.0,0.01,0.0,0.02,0.507817421875,2025-07-18
AAPL250718C00325000,325.0,0.01,0.0,0.01,0.500005,2025-07-18
AAPL250718C00330000,330.0,0.01,0.0,0.01,0.500005,2025-07-18
AAPL250718C00340000,340.0,0.01,0.0,0.01,0.5312546875,2025-07-18
AAPL250718C00350000,350.0,0.01,0.0,0.01,0.5625043750000001,2025-07-18
AAPL250718C00360000,360.0,0.02,0.0,0.01,0.57812921875,2025-07-18
AAPL250718C00370000,370.0,0.01,0.0,0.1,0.73633076171875,2025-07-18
AAPL250718C00380000,380.0,0.01,0.0,0.01,0.6250037500000001,2025-07-18
AAPL250718C00390000,390.0,0.01,0.0,0.01,0.6562534375000001,2025-07-18
AAPL250718C00400000,400.0,0.01,0.0,0.01,0.6718782812500002,2025-07-18
AAPL250725C00135000,135.0,70.33,60.4,63.7,0.639652041015625,2025-07-25
AAPL250725C00145000,145.0,58.61,51.55,54.0,0.6379430737304688,2025-07-25
AAPL250725C00155000,155.0,49.33,41.0,44.45,0.5200243310546875,2025-07-25
AAPL250725C00165000,165.0,41.85,32.35,34.4,0.5367477966308594,2025-07-25
AAPL250725C00170000,170.0,28.55,28.25,29.1,0.4554497814941406,2025-07-25
AAPL250725C00180000,180.0,20.4,19.35,20.3,0.39282833740234374,2025-07-25
AAPL250725C00185000,185.0,15.42,15.45,16.1,0.35950347534179683,2025-07-25
AAPL250725C00190000,190.0,11.95,11.9,12.2,0.32874206420898433,2025-07-25
AAPL250725C00195000,195.0,8.61,8.7,8.95,0.30988238952636715,2025-07-25
AAPL250725C00200000,200.0,6.0,6.0,6.3,0.2963937548828125,2025-07-25
AAPL250725C00205000,205.0,4.01,3.95,4.25,0.2868723657226562,2025-07-25
AAPL250725C00210000,210.0,2.57,2.47,2.65,0.27558097473144527,2025-07-25
AAPL250725C00215000,215.0,1.53,1.55,1.59,0.26868407104492187,2025-07-25
AAPL250725C00220000,220.0,0.96,0.9,0.96,0.26758544921875,2025-07-25
AAPL250725C00225000,225.0,0.58,0.55,0.69,0.2802806347656249,2025-07-25
AAPL250725C00230000,230.0,0.37,0.37,0.44,0.28443098388671867,2025-07-25
AAPL250725C00235000,235.0,0.27,0.23,0.33,0.29761444580078117,2025-07-25
AAPL250725C00240000,240.0,0.19,0.17,0.22,0.30371790039062496,2025-07-25
AAPL250725C00245000,245.0,0.14,0.11,0.18,0.3188544677734374,2025-07-25
AAPL250725C00250000,250.0,0.08,0.07,0.15,0.33399103515625,2025-07-25
AAPL250725C00255000,255.0,0.1,0.05,0.12,0.34570966796874997,2025-07-25
AAPL250725C00260000,260.0,0.09,0.03,0.11,0.3632876171875,2025-07-25
AAPL250725C00265000,265.0,0.12,0.03,0.09,0.37500625,2025-07-25
AAPL250725C00270000,270.0,0.05,0.02,0.08,0.38867798828125,2025-07-25
AAPL250725C00280000,280.0,0.06,0.0,0.5,0.5532271240234375,2025-07-25
AAPL250815C00090000,90.0,113.11,106.0,108.35,1.0234423828125,2025-08-15
AAPL250815C00095000,95.0,77.6,104.2,105.8,1.3626740850830077,2025-08-15
AAPL250815C00100000,100.0,105.0,96.25,97.7,0.84961087890625,2025-08-15
AAPL250815C00105000,105.0,106.97,91.1,93.15,0.8305681005859374,2025-08-15
AAPL250815C00110000,110.0,95.85,86.75,88.0,0.8239763696289062,2025-08-15
AAPL250815C00115000,115.0,89.23,81.8,83.15,0.7851583984375,2025-08-15
AAPL250815C00120000,120.0,82.82,76.95,78.15,0.7426783544921874,2025-08-15
AAPL250815C00125000,125.0,77.28,71.95,73.45,0.7102079760742188,2025-08-15
AAPL250815C00130000,130.0,69.43,66.9,68.4,0.6525913647460939,2025-08-15
AAPL250815C00135000,135.0,68.0,61.9,63.55,0.611576149902344,2025-08-15
AAPL250815C00140000,140.0,57.85,57.45,58.5,0.5881388842773438,2025-08-15
AAPL250815C00145000,145.0,59.84,52.35,53.75,0.546025047607422,2025-08-15
AAPL250815C00150000,150.0,47.85,48.0,48.5,0.5141650146484374,2025-08-15
AAPL250815C00155000,155.0,44.8,43.4,43.8,0.5041553491210937,2025-08-15
AAPL250815C00160000,160.0,38.85,38.8,39.15,0.4753470434570312,2025-08-15
AAPL250815C00165000,165.0,34.35,34.15,34.55,0.4461725305175781,2025-08-15
AAPL250815C00170000,170.0,29.65,29.85,30.15,0.4229794030761719,2025-08-15
AAPL250815C00175000,175.0,25.55,25.6,25.9,0.4008848974609375,2025-08-15
AAPL250815C00180000,180.0,21.6,21.7,21.9,0.3823914300537109,2025-08-15
AAPL250815C00185000,185.0,17.94,17.9,18.2,0.36688865539550786,2025-08-15
AAPL250815C00190000,190.0,14.45,14.6,14.75,0.35095863891601553,2025-08-15
AAPL250815C00195000,195.0,11.41,11.55,11.7,0.3380803497314453,2025-08-15
AAPL250815C00200000,200.0,8.9,8.9,9.05,0.32684999328613284,2025-08-15
AAPL250815C00205000,205.0,6.7,6.7,6.8,0.3166572241210937,2025-08-15
AAPL250815C00210000,210.0,4.85,4.9,5.0,0.3090889404296875,2025-08-15
AAPL250815C00215000,215.0,3.45,3.45,3.6,0.3034127276611328,2025-08-15
AAPL250815C00220000,220.0,2.45,2.46,2.52,0.29822479125976553,2025-08-15
AAPL250815C00225000,225.0,1.68,1.71,1.77,0.29651582397460935,2025-08-15
AAPL250815C00230000,230.0,1.22,1.19,1.24,0.2963937548828125,2025-08-15
AAPL250815C00235000,235.0,0.84,0.84,0.88,0.29822479125976553,2025-08-15
AAPL250815C00240000,240.0,0.61,0.61,0.64,0.30213100219726563,2025-08-15
AAPL250815C00245000,245.0,0.45,0.44,0.47,0.30664755859375,2025-08-15
AAPL250815C00250000,250.0,0.32,0.33,0.35,0.3117744604492187,2025-08-15
AAPL250815C00255000,255.0,0.26,0.25,0.27,0.31836619140624994,2025-08-15
AAPL250815C00260000,260.0,0.21,0.2,0.21,0.32471378417968744,2025-08-15
AAPL250815C00265000,265.0,0.16,0.17,0.17,0.33301448242187504,2025-08-15
AAPL250815C00270000,270.0,0.13,0.11,0.14,0.340826904296875,2025-08-15
AAPL250815C00275000,275.0,0.11,0.09,0.14,0.35742830078125,2025-08-15
AAPL250815C00280000,280.0,0.09,0.08,0.1,0.358404853515625,2025-08-15
AAPL250815C00285000,285.0,0.07,0.07,0.08,0.3632876171875,2025-08-15
AAPL250815C00290000,290.0,0.07,0.05,0.08,0.37793590820312495,2025-08-15
AAPL250815C00295000,295.0,0.09,0.05,0.07,0.38672488281249995,2025-08-15
AAPL250815C00300000,300.0,0.05,0.05,0.06,0.393560751953125,2025-08-15
AAPL250815C00305000,305.0,0.04,0.04,0.05,0.398443515625,2025-08-15
AAPL250815C00310000,310.0,0.04,0.03,0.05,0.41211525390625,2025-08-15
AAPL250815C00315000,315.0,0.03,0.03,0.05,0.42383388671875,2025-08-15
AAPL250815C00320000,320.0,0.02,0.01,0.04,0.42774009765625004,2025-08-15
AAPL250815C00325000,325.0,0.02,0.02,0.04,0.43945873046875,2025-08-15
AAPL250815C00330000,330.0,0.02,0.02,0.04,0.45117736328125,2025-08-15
AAPL250815C00340000,340.0,0.02,0.0,0.04,0.4726615234375,2025-08-15
AAPL250815C00350000,350.0,0.02,0.0,0.03,0.48242705078125003,2025-08-15
AAPL250815C00360000,360.0,0.01,0.01,0.02,0.48438015625,2025-08-15
AAPL250815C00370000,370.0,0.01,0.0,0.01,0.476567734375,2025-08-15
AAPL250815C00380000,380.0,0.02,0.0,0.02,0.523442265625,2025-08-15
AAPL250815C00390000,390.0,0.01,0.0,0.02,0.51562984375,2025-08-15
AAPL250919C00005000,5.0,205.05,196.55,198.4,0.0,2025-09-19
AAPL250919C00010000,10.0,192.1,0.0,0.0,1.0000000000000003e-05,2025-09-19
AAPL250919C00015000,15.0,186.75,179.8,183.3,1.984375078125,2025-09-19
AAPL250919C00020000,20.0,179.0,175.0,178.3,1.9082035839843752,2025-09-19
AAPL250919C00025000,25.0,174.57,169.9,173.0,0.500005,2025-09-19
AAPL250919C00030000,30.0,178.45,172.4,174.75,3.2993181579589845,2025-09-19
AAPL250919C00035000,35.0,177.25,159.95,163.45,1.4765651171875,2025-09-19
AAPL250919C00040000,40.0,167.11,155.15,157.95,1.2148476757812499,2025-09-19
AAPL250919C00045000,45.0,153.95,150.05,153.55,1.32422212890625,2025-09-19
AAPL250919C00050000,50.0,149.5,146.1,147.7,1.2793004785156248,2025-09-19
AAPL250919C00055000,55.0,149.95,140.2,143.7,1.2128945605468748,2025-09-19
AAPL250919C00060000,60.0,140.43,143.75,145.65,2.168217470092773,2025-09-19
AAPL250919C00065000,65.0,141.2,135.85,138.45,1.8037119189453121,2025-09-19
AAPL250919C00070000,70.0,144.4,130.8,133.1,1.6762711499023437,2025-09-19
AAPL250919C00075000,75.0,123.1,121.7,123.1,1.0419969775390627,2025-09-19
AAPL250919C00080000,80.0,118.23,116.35,118.0,0.93164130859375,2025-09-19
AAPL250919C00085000,85.0,113.28,111.7,113.0,0.9091805957031249,2025-09-19
AAPL250919C00090000,90.0,109.42,106.7,108.05,0.8576674389648438,2025-09-19
AAPL250919C00095000,95.0,104.74,101.15,103.75,0.8166522241210936,2025-09-19
AAPL250919C00100000,100.0,99.1,96.95,98.2,0.7836935693359376,2025-09-19
AAPL250919C00105000,105.0,97.0,91.15,94.1,0.7409693872070311,2025-09-19
AAPL250919C00110000,110.0,88.5,87.1,88.65,0.7224148852539063,2025-09-19
AAPL250919C00115000,115.0,85.3,81.7,84.35,0.6906769213867189,2025-09-19
AAPL250919C00120000,120.0,79.16,77.45,78.65,0.6469761865234375,2025-09-19
AAPL250919C00125000,125.0,77.25,72.15,73.85,0.5979044116210939,2025-09-19
AAPL250919C00130000,130.0,68.78,67.1,69.5,0.5797161169433593,2025-09-19
AAPL250919C00135000,135.0,64.95,62.65,64.1,0.5424850439453126,2025-09-19
AAPL250919C00140000,140.0,58.85,58.7,59.2,0.5379684875488282,2025-09-19
AAPL250919C00145000,145.0,56.55,54.05,54.5,0.513554669189453,2025-09-19
AAPL250919C00150000,150.0,50.51,49.45,49.8,0.497197410888672,2025-09-19
AAPL250919C00155000,155.0,44.84,44.9,45.25,0.4739432489013672,2025-09-19
AAPL250919C00160000,160.0,40.74,40.45,40.75,0.45038391418457036,2025-09-19
AAPL250919C00165000,165.0,36.1,36.15,36.45,0.4317073431396484,2025-09-19
AAPL250919C00170000,170.0,31.85,31.95,32.25,0.4127866339111328,2025-09-19
AAPL250919C00175000,175.0,27.85,27.95,28.25,0.39624627197265627,2025-09-19
AAPL250919C00180000,180.0,24.25,24.15,24.35,0.3781190118408203,2025-09-19
AAPL250919C00185000,185.0,20.72,20.6,20.8,0.36463037719726565,2025-09-19
AAPL250919C00190000,190.0,17.11,17.35,17.5,0.35193519165039056,2025-09-19
AAPL250919C00195000,195.0,14.15,14.25,14.45,0.339301040649414,2025-09-19
AAPL250919C00200000,200.0,11.49,11.6,11.75,0.3286199951171874,2025-09-19
AAPL250919C00205000,205.0,9.2,9.2,9.4,0.31940377868652337,2025-09-19
AAPL250919C00210000,210.0,7.17,7.2,7.35,0.3103096313476562,2025-09-19
AAPL250919C00215000,215.0,5.5,5.55,5.7,0.30405359039306634,2025-09-19
AAPL250919C00220000,220.0,4.25,4.2,4.35,0.2986520330810546,2025-09-19
AAPL250919C00225000,225.0,3.15,3.15,3.3,0.2951120294189453,2025-09-19
AAPL250919C00230000,230.0,2.35,2.37,2.46,0.29169409484863273,2025-09-19
AAPL250919C00235000,235.0,1.76,1.77,1.85,0.2905954730224609,2025-09-19
AAPL250919C00240000,240.0,1.34,1.33,1.39,0.2903513348388671,2025-09-19
AAPL250919C00245000,245.0,1.02,1.01,1.07,0.2923654748535155,2025-09-19
AAPL250919C00250000,250.0,0.78,0.78,0.81,0.2934640966796874,2025-09-19
AAPL250919C00255000,255.0,0.61,0.59,0.64,0.2973703076171874,2025-09-19
AAPL250919C00260000,260.0,0.46,0.46,0.52,0.30249720947265624,2025-09-19
AAPL250919C00265000,265.0,0.38,0.37,0.41,0.305671005859375,2025-09-19
AAPL250919C00270000,270.0,0.32,0.3,0.32,0.3083565258789062,2025-09-19
AAPL250919C00275000,275.0,0.25,0.24,0.26,0.3127510131835937,2025-09-19
AAPL250919C00280000,280.0,0.2,0.19,0.21,0.31641308593749995,2025-09-19
AAPL250919C00285000,285.0,0.18,0.15,0.18,0.3227606787109374,2025-09-19
AAPL250919C00290000,290.0,0.15,0.12,0.15,0.3276434423828125,2025-09-19
AAPL250919C00295000,295.0,0.13,0.1,0.13,0.33350275878906255,2025-09-19
AAPL250919C00300000,300.0,0.09,0.08,0.1,0.33399103515625,2025-09-19
AAPL250919C00305000,305.0,0.09,0.08,0.1,0.34570966796874997,2025-09-19
AAPL250919C00310000,310.0,0.08,0.06,0.08,0.34766277343749996,2025-09-19
AAPL250919C00320000,320.0,0.07,0.04,0.06,0.35742830078125,2025-09-19
AAPL250919C00330000,330.0,0.04,0.03,0.05,0.36914693359375,2025-09-19
AAPL250919C00340000,340.0,0.04,0.01,0.05,0.38867798828125,2025-09-19
AAPL250919C00350000,350.0,0.03,0.02,0.04,0.39649041015625003,2025-09-19
AAPL250919C00360000,360.0,0.02,0.02,0.03,0.4023497265625,2025-09-19
AAPL250919C00370000,370.0,0.02,0.0,0.03,0.41797457031249996,2025-09-19
AAPL250919C00380000,380.0,0.01,0.0,0.02,0.41797457031249996,2025-09-19
AAPL250919C00390000,390.0,0.02,0.0,0.02,0.4335994140625,2025-09-19
AAPL251017C00090000,90.0,109.55,106.9,108.8,0.8210467114257811,2025-10-17
AAPL251017C00100000,100.0,101.2,97.0,98.9,0.7340114489746092,2025-10-17
AAPL251017C00105000,105.0,93.8,92.4,94.25,0.7237576452636718,2025-10-17
AAPL251017C00110000,110.0,94.4,87.45,89.1,0.6738313867187502,2025-10-17
AAPL251017C00115000,115.0,94.92,82.45,84.45,0.6444127355957032,2025-10-17
AAPL251017C00120000,120.0,90.1,77.75,79.45,0.6129189099121095,2025-10-17
AAPL251017C00125000,125.0,73.74,72.95,74.75,0.5881388842773438,2025-10-17
AAPL251017C00130000,130.0,76.38,68.65,69.9,0.572391971435547,2025-10-17
AAPL251017C00135000,135.0,67.25,64.05,64.95,0.5435226312255861,2025-10-17
AAPL251017C00140000,140.0,60.35,59.6,60.2,0.5226488165283203,2025-10-17
AAPL251017C00145000,145.0,63.63,54.9,55.5,0.5086719055175781,2025-10-17
AAPL251017C00150000,150.0,50.37,50.45,50.85,0.48175567077636716,2025-10-17
AAPL251017C00155000,155.0,52.5,46.1,46.4,0.4611870288085938,2025-10-17
AAPL251017C00160000,160.0,43.55,41.75,42.05,0.4417780432128906,2025-10-17
AAPL251017C00165000,165.0,38.73,37.55,37.8,0.42304043762207033,2025-10-17
AAPL251017C00170000,170.0,33.18,33.4,33.75,0.4072935247802735,2025-10-17
AAPL251017C00175000,175.0,29.35,29.55,29.85,0.3920959228515625,2025-10-17
AAPL251017C00180000,180.0,26.14,25.85,26.1,0.3770203900146484,2025-10-17
AAPL251017C00185000,185.0,22.45,22.4,22.6,0.36389796264648444,2025-10-17
AAPL251017C00190000,190.0,18.9,19.15,19.35,0.35202674346923823,2025-10-17
AAPL251017C00195000,195.0,16.25,16.1,16.35,0.34085742156982424,2025-10-17
AAPL251017C00200000,200.0,13.3,13.45,13.6,0.32996275512695306,2025-10-17
AAPL251017C00205000,205.0,11.15,11.05,11.2,0.3212348150634765,2025-10-17
AAPL251017C00210000,210.0,8.85,8.95,9.1,0.31342239318847653,2025-10-17
AAPL251017C00215000,215.0,7.06,7.1,7.3,0.3065865240478516,2025-10-17
AAPL251017C00220000,220.0,5.55,5.6,5.75,0.2998727239990234,2025-10-17
AAPL251017C00225000,225.0,4.35,4.4,4.5,0.2948678912353515,2025-10-17
AAPL251017C00230000,230.0,3.4,3.4,3.5,0.2910837493896483,2025-10-17
AAPL251017C00235000,235.0,2.64,2.64,2.71,0.28839822937011705,2025-10-17
AAPL251017C00240000,240.0,2.04,2.05,2.11,0.2872385729980468,2025-10-17
AAPL251017C00245000,245.0,1.57,1.59,1.65,0.28717753845214833,2025-10-17
AAPL251017C00250000,250.0,1.25,1.25,1.3,0.287970987548828,2025-10-17
AAPL251017C00255000,255.0,1.0,0.99,1.03,0.28943581665039053,2025-10-17
AAPL251017C00260000,260.0,0.78,0.79,0.82,0.2912668530273437,2025-10-17
AAPL251017C00265000,265.0,0.65,0.63,0.66,0.2937082348632812,2025-10-17
AAPL251017C00270000,270.0,0.53,0.51,0.54,0.29688203124999996,2025-10-17
AAPL251017C00275000,275.0,0.43,0.42,0.44,0.299811689453125,2025-10-17
AAPL251017C00280000,280.0,0.36,0.34,0.38,0.3051827294921875,2025-10-17
AAPL251017C00285000,285.0,0.3,0.29,0.3,0.3061592822265625,2025-10-17
AAPL251017C00290000,290.0,0.27,0.23,0.25,0.309577216796875,2025-10-17
AAPL251017C00295000,295.0,0.23,0.18,0.22,0.31519239501953117,2025-10-17
AAPL251017C00300000,300.0,0.22,0.15,0.18,0.317389638671875,2025-10-17
AAPL251017C00305000,305.0,0.15,0.12,0.16,0.3227606787109374,2025-10-17
AAPL251017C00310000,310.0,0.13,0.11,0.14,0.327155166015625,2025-10-17
AAPL251017C00315000,315.0,0.16,0.09,0.12,0.331061376953125,2025-10-17
AAPL251017C00320000,320.0,0.11,0.08,0.12,0.3403386279296875,2025-10-17
AAPL251017C00325000,325.0,0.19,0.05,0.09,0.33789724609375,2025-10-17
AAPL251017C00330000,330.0,0.08,0.05,0.08,0.34278000976562495,2025-10-17
AAPL251017C00335000,335.0,0.14,0.04,0.09,0.35547519531249994,2025-10-17
AAPL251017C00340000,340.0,0.07,0.03,0.07,0.3544986425781249,2025-10-17
AAPL251017C00345000,345.0,0.05,0.02,0.06,0.35645174804687496,2025-10-17
AAPL251017C00350000,350.0,0.05,0.04,0.05,0.35742830078125,2025-10-17
AAPL251017C00355000,355.0,0.04,0.03,0.05,0.36524072265625,2025-10-17
AAPL251017C00360000,360.0,0.05,0.02,0.05,0.37305314453125,2025-10-17
AAPL251017C00370000,370.0,0.03,0.01,0.04,0.3789124609375,2025-10-17
AAPL251121C00100000,100.0,100.0,96.65,99.8,0.6739534558105471,2025-11-21
AAPL251121C00110000,110.0,95.85,87.05,90.35,0.6269568554687501,2025-11-21
AAPL251121C00115000,115.0,90.89,82.25,85.45,0.596683720703125,2025-11-21
AAPL251121C00125000,125.0,80.76,73.9,75.3,0.5607954077148438,2025-11-21
AAPL251121C00130000,130.0,78.0,69.3,71.15,0.5518233294677735,2025-11-21
AAPL251121C00135000,135.0,70.27,64.55,66.6,0.5280808911132813,2025-11-21
AAPL251121C00140000,140.0,62.2,60.05,61.85,0.5045825909423829,2025-11-21
AAPL251121C00145000,145.0,56.05,56.0,56.85,0.4986622399902344,2025-11-21
AAPL251121C00150000,150.0,59.55,51.65,52.35,0.47626256164550784,2025-11-21
AAPL251121C00155000,155.0,52.05,47.35,48.45,0.4703422106933594,2025-11-21
AAPL251121C00160000,160.0,43.2,43.2,44.0,0.4459283923339844,2025-11-21
AAPL251121C00165000,165.0,39.37,39.1,39.7,0.4241695767211914,2025-11-21
AAPL251121C00170000,170.0,35.2,35.15,35.65,0.40677473114013674,2025-11-21
AAPL251121C00175000,175.0,31.6,31.4,32.1,0.39838248107910157,2025-11-21
AAPL251121C00180000,180.0,28.5,27.85,28.3,0.3811097045898437,2025-11-21
AAPL251121C00185000,185.0,25.2,24.5,25.15,0.37448745635986325,2025-11-21
AAPL251121C00190000,190.0,21.35,21.3,21.9,0.3620974435424804,2025-11-21
AAPL251121C00195000,195.0,18.43,18.55,19.2,0.3568484725952148,2025-11-21
AAPL251121C00200000,200.0,15.8,15.85,16.05,0.33896535064697264,2025-11-21
AAPL251121C00205000,205.0,13.51,13.4,13.55,0.3295660305786132,2025-11-21
AAPL251121C00210000,210.0,11.29,11.2,11.35,0.321723091430664,2025-11-21
AAPL251121C00215000,215.0,9.35,9.25,9.45,0.3154060159301757,2025-11-21
AAPL251121C00220000,220.0,7.8,7.6,7.75,0.30878376770019533,2025-11-21
AAPL251121C00225000,225.0,6.18,6.2,6.35,0.3042061767578125,2025-11-21
AAPL251121C00230000,230.0,5.02,4.75,5.2,0.30109341491699215,2025-11-21
AAPL251121C00235000,235.0,4.05,4.0,4.2,0.2974923767089843,2025-11-21
AAPL251121C00240000,240.0,3.25,3.2,3.4,0.29529513305664057,2025-11-21
AAPL251121C00245000,245.0,2.71,2.6,2.72,0.29279271667480455,2025-11-21
AAPL251121C00250000,250.0,2.13,2.09,2.21,0.2923654748535155,2025-11-21
AAPL251121C00255000,255.0,1.7,1.69,1.78,0.2916330603027343,2025-11-21
AAPL251121C00260000,260.0,1.41,1.37,1.48,0.2934640966796874,2025-11-21
AAPL251121C00265000,265.0,1.27,1.11,1.22,0.2946847875976562,2025-11-21
AAPL251121C00270000,270.0,0.96,0.92,1.15,0.30445031494140623,2025-11-21
AAPL251121C00275000,275.0,0.8,0.76,1.0,0.3086006640625,2025-11-21
AAPL251121C00280000,280.0,0.68,0.64,0.71,0.3006661730957031,2025-11-21
AAPL251121C00285000,285.0,0.56,0.53,0.59,0.30225307128906254,2025-11-21
AAPL251121C00290000,290.0,0.49,0.44,0.51,0.3057930749511719,2025-11-21
AAPL251121C00295000,295.0,0.4,0.37,0.44,0.3090889404296875,2025-11-21
AAPL251121C00300000,300.0,0.34,0.31,0.38,0.3122627368164062,2025-11-21
AAPL251121C00305000,305.0,0.35,0.26,0.33,0.3154365332031249,2025-11-21
AAPL251121C00310000,310.0,0.28,0.22,0.29,0.3188544677734374,2025-11-21
AAPL251121C00315000,315.0,0.27,0.19,0.26,0.3232489550781249,2025-11-21
AAPL251121C00320000,320.0,0.3,0.15,0.23,0.3266668896484375,2025-11-21
AAPL251121C00325000,325.0,0.18,0.13,0.18,0.32471378417968744,2025-11-21
AAPL251121C00330000,330.0,0.17,0.11,0.18,0.33301448242187504,2025-11-21
AAPL251121C00335000,335.0,0.16,0.09,0.16,0.3364324169921875,2025-11-21
AAPL251121C00340000,340.0,0.1,0.08,0.14,0.33887379882812496,2025-11-21
AAPL251121C00345000,345.0,0.09,0.08,0.1,0.33301448242187504,2025-11-21
AAPL251121C00350000,350.0,0.1,0.07,0.1,0.340826904296875,2025-11-21
AAPL251219C00005000,5.0,200.31,189.6,193.35,1.8125009374999999,2025-12-19
AAPL251219C00010000,10.0,192.35,0.0,0.0,1.0000000000000003e-05,2025-12-19
AAPL251219C00015000,15.0,188.71,179.65,183.35,1.3203158984374999,2025-12-19
AAPL251219C00020000,20.0,181.34,174.75,178.4,1.2949254003906248,2025-12-19
AAPL251219C00025000,25.0,221.35,191.3,195.2,5.433596958007811,2025-12-19
AAPL251219C00030000,30.0,180.55,164.95,168.6,1.201175869140625,2025-12-19
AAPL251219C00035000,35.0,175.97,160.05,163.7,1.1464886425781249,2025-12-19
AAPL251219C00040000,40.0,162.25,155.15,158.8,1.0927779736328125,2025-12-19
AAPL251219C00045000,45.0,156.95,150.25,153.65,1.0058643457031249,2025-12-19
AAPL251219C00050000,50.0,149.8,145.9,148.1,0.9501958105468749,2025-12-19
AAPL251219C00055000,55.0,145.68,147.4,150.55,1.6170673443603516,2025-12-19
AAPL251219C00060000,60.0,144.38,135.65,139.35,0.9270026831054687,2025-12-19
AAPL251219C00065000,65.0,141.0,136.3,138.25,1.3073765100097652,2025-12-19
AAPL251219C00070000,70.0,136.7,131.3,133.05,1.2218056488037108,2025-12-19
AAPL251219C00075000,75.0,124.93,122.3,123.75,0.8286149951171874,2025-12-19
AAPL251219C00080000,80.0,124.23,117.4,119.25,0.8083515258789062,2025-12-19
AAPL251219C00085000,85.0,114.0,112.7,114.2,0.7708763146972657,2025-12-19
AAPL251219C00090000,90.0,114.55,107.55,109.65,0.7368190380859375,2025-12-19
AAPL251219C00095000,95.0,114.25,107.4,109.6,0.969177554321289,2025-12-19
AAPL251219C00100000,100.0,105.23,98.1,99.55,0.666263103027344,2025-12-19
AAPL251219C00105000,105.0,100.75,92.9,95.1,0.6367223828125,2025-12-19
AAPL251219C00110000,110.0,95.0,88.6,90.15,0.6191444335937502,2025-12-19
AAPL251219C00115000,115.0,90.94,83.6,86.15,0.6062051098632814,2025-12-19
AAPL251219C00120000,120.0,86.3,79.3,80.85,0.5770305969238281,2025-12-19
AAPL251219C00125000,125.0,77.5,75.05,75.6,0.550358500366211,2025-12-19
AAPL251219C00130000,130.0,73.1,70.5,70.9,0.5286912365722658,2025-12-19
AAPL251219C00135000,135.0,71.3,65.7,66.5,0.5071460418701172,2025-12-19
AAPL251219C00140000,140.0,61.5,61.4,61.95,0.500005,2025-12-19
AAPL251219C00145000,145.0,58.25,57.1,57.5,0.48053497985839844,2025-12-19
AAPL251219C00150000,150.0,53.6,52.75,53.1,0.46130909790039065,2025-12-19
AAPL251219C00155000,155.0,48.39,48.55,48.85,0.44482977050781247,2025-12-19
AAPL251219C00160000,160.0,44.2,44.4,44.75,0.43030354858398445,2025-12-19
AAPL251219C00165000,165.0,40.45,40.4,40.7,0.4149228430175781,2025-12-19
AAPL251219C00170000,170.0,36.72,36.55,36.9,0.402899037475586,2025-12-19
AAPL251219C00175000,175.0,33.9,32.9,33.15,0.38944092010498044,2025-12-19
AAPL251219C00180000,180.0,29.4,29.35,29.65,0.37842418457031246,2025-12-19
AAPL251219C00185000,185.0,25.95,26.05,26.3,0.3674074490356446,2025-12-19
AAPL251219C00190000,190.0,22.72,22.9,23.1,0.3562076098632812,2025-12-19
AAPL251219C00195000,195.0,19.9,19.95,20.2,0.34726604888916013,2025-12-19
AAPL251219C00200000,200.0,17.1,17.25,17.45,0.33768362518310546,2025-12-19
AAPL251219C00205000,205.0,14.79,14.75,15.0,0.32996275512695306,2025-12-19
AAPL251219C00210000,210.0,12.42,12.55,12.7,0.32129584960937496,2025-12-19
AAPL251219C00215000,215.0,10.45,10.5,10.7,0.3143379113769531,2025-12-19
AAPL251219C00220000,220.0,8.85,8.75,8.95,0.3082954913330078,2025-12-19
AAPL251219C00225000,225.0,7.19,7.25,7.4,0.302314105834961,2025-12-19
AAPL251219C00230000,230.0,5.96,5.95,6.15,0.2987741021728515,2025-12-19
AAPL251219C00235000,235.0,4.9,4.9,5.05,0.29489840850830074,2025-12-19
AAPL251219C00240000,240.0,4.0,3.95,4.15,0.2922128884887695,2025-12-19
AAPL251219C00245000,245.0,3.25,3.25,3.4,0.29004616210937495,2025-12-19
AAPL251219C00250000,250.0,2.65,2.65,2.77,0.28803202209472645,2025-12-19
AAPL251219C00255000,255.0,2.14,2.16,2.26,0.2867502966308593,2025-12-19
AAPL251219C00260000,260.0,1.8,1.77,1.88,0.2872385729980468,2025-12-19
AAPL251219C00265000,265.0,1.5,1.46,1.55,0.28729960754394523,2025-12-19
AAPL251219C00270000,270.0,1.25,1.21,1.3,0.2885813330078124,2025-12-19
AAPL251219C00275000,275.0,1.06,1.0,1.09,0.2898630584716796,2025-12-19
AAPL251219C00280000,280.0,0.85,0.85,0.91,0.29090064575195307,2025-12-19
AAPL251219C00285000,285.0,0.73,0.7,0.79,0.29407444213867184,2025-12-19
AAPL251219C00290000,290.0,0.63,0.6,0.68,0.2966378930664062,2025-12-19
AAPL251219C00295000,295.0,0.53,0.51,0.56,0.2966378930664062,2025-12-19
AAPL251219C00300000,300.0,0.46,0.46,0.48,0.29883513671874995,2025-12-19
AAPL251219C00310000,310.0,0.32,0.32,0.37,0.30493859130859374,2025-12-19
AAPL251219C00320000,320.0,0.24,0.23,0.28,0.309577216796875,2025-12-19
AAPL251219C00330000,330.0,0.2,0.17,0.21,0.313483427734375,2025-12-19
AAPL251219C00340000,340.0,0.16,0.12,0.17,0.3198310205078124,2025-12-19
AAPL251219C00350000,350.0,0.11,0.1,0.14,0.3266668896484375,2025-12-19
AAPL251219C00360000,360.0,0.1,0.09,0.11,0.331061376953125,2025-12-19
AAPL251219C00370000,370.0,0.08,0.07,0.09,0.335944140625,2025-12-19
AAPL251219C00380000,380.0,0.06,0.05,0.1,0.352545537109375,2025-12-19
AAPL251219C00390000,390.0,0.06,0.05,0.07,0.3505924316406249,2025-12-19
AAPL251219C00400000,400.0,0.04,0.04,0.06,0.35645174804687496,2025-12-19
AAPL260116C00005000,5.0,198.5,189.6,193.2,3.4570326074218753,2026-01-16
AAPL260116C00010000,10.0,189.2,184.6,188.0,2.474613188476563,2026-01-16
AAPL260116C00015000,15.0,187.65,179.65,183.1,2.0996141259765624,2026-01-16
AAPL260116C00020000,20.0,175.68,182.85,186.0,2.9633814978027337,2026-01-16
AAPL260116C00025000,25.0,174.05,169.9,173.5,1.1875040625,2026-01-16
AAPL260116C00030000,30.0,182.5,165.05,168.65,1.1552776611328124,2026-01-16
AAPL260116C00035000,35.0,171.3,160.2,163.8,1.11328568359375,2026-01-16
AAPL260116C00040000,40.0,156.75,155.35,158.95,1.0688523120117188,2026-01-16
AAPL260116C00045000,45.0,158.05,150.5,154.1,1.0249072192382815,2026-01-16
AAPL260116C00050000,50.0,148.49,146.55,148.25,0.9731447998046875,2026-01-16
AAPL260116C00055000,55.0,145.89,147.95,150.35,1.5208764190673827,2026-01-16
AAPL260116C00060000,60.0,151.75,139.75,141.0,1.1616252856445315,2026-01-16
AAPL260116C00065000,65.0,133.95,149.55,151.05,1.9188236480712892,2026-01-16
AAPL260116C00070000,70.0,128.0,126.85,129.65,0.8471694970703124,2026-01-16
AAPL260116C00075000,75.0,123.05,122.05,123.9,0.7680687255859376,2026-01-16
AAPL260116C00080000,80.0,118.33,117.5,119.25,0.7587914746093751,2026-01-16
AAPL260116C00085000,85.0,130.1,111.85,114.15,0.6801789794921876,2026-01-16
AAPL260116C00090000,90.0,110.82,108.05,109.75,0.7093534924316407,2026-01-16
AAPL260116C00095000,95.0,106.22,103.25,104.9,0.6783479431152344,2026-01-16
AAPL260116C00100000,100.0,102.8,98.65,100.35,0.6627230993652344,2026-01-16
AAPL260116C00105000,105.0,99.62,93.8,95.5,0.6307409973144531,2026-01-16
AAPL260116C00110000,110.0,89.7,89.25,90.7,0.6082192498779297,2026-01-16
AAPL260116C00115000,115.0,86.6,84.4,85.9,0.5784954260253907,2026-01-16
AAPL260116C00120000,120.0,83.47,79.85,81.4,0.5618940295410157,2026-01-16
AAPL260116C00125000,125.0,78.98,75.8,76.35,0.5430343548583985,2026-01-16
AAPL260116C00130000,130.0,73.05,71.25,71.8,0.5231981274414061,2026-01-16
AAPL260116C00135000,135.0,74.3,66.7,67.25,0.5025074163818359,2026-01-16
AAPL260116C00140000,140.0,63.6,62.35,62.8,0.4924367163085938,2026-01-16
AAPL260116C00145000,145.0,57.85,57.95,58.4,0.4738211798095704,2026-01-16
AAPL260116C00150000,150.0,53.75,53.75,54.1,0.4567315069580079,2026-01-16
AAPL260116C00155000,155.0,49.33,49.55,49.9,0.4408014904785156,2026-01-16
AAPL260116C00160000,160.0,45.75,45.5,45.85,0.4267025103759766,2026-01-16
AAPL260116C00165000,165.0,41.45,41.55,41.9,0.4129087030029296,2026-01-16
AAPL260116C00170000,170.0,37.9,37.75,38.05,0.3992674819946289,2026-01-16
AAPL260116C00175000,175.0,34.65,34.1,34.4,0.38742678009033205,2026-01-16
AAPL260116C00180000,180.0,30.6,30.65,30.9,0.37604383728027346,2026-01-16
AAPL260116C00185000,185.0,27.4,27.3,27.6,0.3657900335693359,2026-01-16
AAPL260116C00190000,190.0,24.2,24.15,24.45,0.35550571258544916,2026-01-16
AAPL260116C00195000,195.0,21.15,21.3,21.55,0.34671673797607416,2026-01-16
AAPL260116C00200000,200.0,18.45,18.6,18.8,0.3375005215454102,2026-01-16
AAPL260116C00205000,205.0,16.0,16.1,16.3,0.3294439614868163,2026-01-16
AAPL260116C00210000,210.0,13.75,13.8,14.0,0.3216010223388671,2026-01-16
AAPL260116C00215000,215.0,11.84,11.75,11.95,0.3147956704711914,2026-01-16
AAPL260116C00220000,220.0,9.9,9.95,10.15,0.30902790588378903,2026-01-16
AAPL260116C00225000,225.0,8.3,8.35,8.6,0.30451134948730463,2026-01-16
AAPL260116C00230000,230.0,7.07,7.0,7.15,0.2985909985351562,2026-01-16
AAPL260116C00235000,235.0,5.9,5.8,6.0,0.295356167602539,2026-01-16
AAPL260116C00240000,240.0,4.8,4.8,4.95,0.29111426666259754,2026-01-16
AAPL260116C00245000,245.0,4.0,3.95,4.1,0.2883066775512695,2026-01-16
AAPL260116C00250000,250.0,3.3,3.25,3.4,0.2863230548095703,2026-01-16
AAPL260116C00255000,255.0,2.73,2.72,2.85,0.28577374389648436,2026-01-16
AAPL260116C00260000,260.0,2.25,2.25,2.35,0.28424788024902337,2026-01-16
AAPL260116C00265000,265.0,1.92,1.87,1.97,0.28424788024902337,2026-01-16
AAPL260116C00270000,270.0,1.58,1.56,1.67,0.28516339843749994,2026-01-16
AAPL260116C00275000,275.0,1.35,1.31,1.39,0.28504132934570303,2026-01-16
AAPL260116C00280000,280.0,1.14,1.11,1.2,0.28711650390624993,2026-01-16
AAPL260116C00285000,285.0,0.97,0.94,1.02,0.2882151257324218,2026-01-16
AAPL260116C00290000,290.0,0.83,0.8,0.86,0.288947540283203,2026-01-16
AAPL260116C00295000,295.0,0.74,0.69,0.74,0.2906565075683593,2026-01-16
AAPL260116C00300000,300.0,0.61,0.6,0.64,0.2924875439453124,2026-01-16
AAPL260116C00305000,305.0,0.58,0.49,0.56,0.29492892578124996,2026-01-16
AAPL260116C00310000,310.0,0.47,0.45,0.48,0.29614961669921874,2026-01-16
AAPL260116C00315000,315.0,0.47,0.37,0.46,0.30249720947265624,2026-01-16
AAPL260116C00320000,320.0,0.35,0.34,0.36,0.2995675512695312,2026-01-16
AAPL260116C00330000,330.0,0.27,0.25,0.27,0.30249720947265624,2026-01-16
AAPL260116C00340000,340.0,0.21,0.2,0.21,0.30664755859375,2026-01-16
AAPL260116C00350000,350.0,0.16,0.15,0.17,0.31201859863281245,2026-01-16
AAPL260116C00360000,360.0,0.13,0.11,0.14,0.317389638671875,2026-01-16
AAPL260116C00370000,370.0,0.12,0.08,0.12,0.3237372314453124,2026-01-16
AAPL260116C00380000,380.0,0.09,0.09,0.1,0.32910827148437494,2026-01-16
AAPL260116C00390000,390.0,0.08,0.07,0.08,0.3320379296875,2026-01-16
AAPL260220C00120000,120.0,89.55,80.2,82.5,0.548405394897461,2026-02-20
AAPL260220C00135000,135.0,74.97,66.8,68.85,0.5202684692382812,2026-02-20
AAPL260220C00140000,140.0,69.5,62.8,64.7,0.5073901800537108,2026-02-20
AAPL260220C00160000,160.0,53.44,46.3,48.65,0.4532830551147461,2026-02-20
AAPL260220C00165000,165.0,43.42,42.45,44.1,0.4259700958251954,2026-02-20
AAPL260220C00175000,175.0,40.48,35.4,37.0,0.405279384765625,2026-02-20
AAPL260220C00180000,180.0,33.4,31.9,33.35,0.39038695556640624,2026-02-20
AAPL260220C00185000,185.0,30.9,28.65,30.05,0.3794312545776367,2026-02-20
AAPL260220C00190000,190.0,26.23,25.8,26.7,0.3656374472045898,2026-02-20
AAPL260220C00195000,195.0,23.05,22.65,23.4,0.35053139709472647,2026-02-20
AAPL260220C00200000,200.0,20.45,20.3,20.7,0.34244431976318357,2026-02-20
AAPL260220C00205000,205.0,17.75,17.9,18.2,0.3349065533447265,2026-02-20
AAPL260220C00210000,210.0,15.5,15.55,15.85,0.3270636141967773,2026-02-20
AAPL260220C00215000,215.0,13.85,13.45,13.8,0.3212348150634765,2026-02-20
AAPL260220C00220000,220.0,11.58,11.6,11.95,0.31592480957031244,2026-02-20
AAPL260220C00225000,225.0,9.89,9.9,11.15,0.32520206054687495,2026-02-20
AAPL260220C00230000,230.0,8.75,8.45,8.8,0.306220316772461,2026-02-20
AAPL260220C00235000,235.0,7.35,7.2,7.45,0.3012460012817383,2026-02-20
AAPL260220C00240000,240.0,6.19,6.05,6.4,0.29917082672119133,2026-02-20
AAPL260220C00245000,245.0,5.2,5.1,5.35,0.2946237530517578,2026-02-20
AAPL260220C00250000,250.0,4.46,4.25,4.55,0.29273168212890616,2026-02-20
AAPL260220C00265000,265.0,2.64,2.55,2.78,0.28900857482910147,2026-02-20
AAPL260220C00280000,280.0,1.63,1.55,1.75,0.28955788574218744,2026-02-20
AAPL260220C00285000,285.0,1.79,1.32,1.47,0.2885813330078124,2026-02-20
AAPL260220C00300000,300.0,1.02,0.83,1.01,0.29480685668945306,2026-02-20
AAPL260220C00390000,390.0,0.13,0.11,0.15,0.33008482421874996,2026-02-20
AAPL260220C00400000,400.0,0.1,0.09,0.16,0.34278000976562495,2026-02-20
AAPL260320C00090000,90.0,113.0,116.45,118.6,0.9949951672363282,2026-03-20
AAPL260320C00095000,95.0,90.7,106.7,108.3,0.7568994036865235,2026-03-20
AAPL260320C00100000,100.0,104.0,99.3,101.5,0.6262244409179689,2026-03-20
AAPL260320C00105000,105.0,101.0,94.55,96.8,0.6005899316406251,2026-03-20
AAPL260320C00110000,110.0,102.55,90.0,91.1,0.5593305786132813,2026-03-20
AAPL260320C00115000,115.0,101.0,85.8,87.0,0.5564619549560548,2026-03-20
AAPL260320C00120000,120.0,85.8,81.35,82.5,0.539616420288086,2026-03-20
AAPL260320C00125000,125.0,83.89,76.85,78.0,0.5211229528808592,2026-03-20
AAPL260320C00130000,130.0,74.66,72.45,73.45,0.5026905200195313,2026-03-20
AAPL260320C00135000,135.0,75.05,68.15,69.15,0.5014087945556642,2026-03-20
AAPL260320C00140000,140.0,64.5,63.95,64.55,0.4776663562011719,2026-03-20
AAPL260320C00145000,145.0,64.2,59.75,60.5,0.4664970343017578,2026-03-20
AAPL260320C00150000,150.0,57.92,55.8,56.2,0.4484002914428711,2026-03-20
AAPL260320C00155000,155.0,55.73,51.65,52.1,0.4335994140625,2026-03-20
AAPL260320C00160000,160.0,49.85,47.75,48.2,0.4214230221557618,2026-03-20
AAPL260320C00165000,165.0,44.7,43.9,44.4,0.40955180297851557,2026-03-20
AAPL260320C00170000,170.0,41.3,40.4,40.8,0.3995726547241212,2026-03-20
AAPL260320C00175000,175.0,37.5,36.9,37.2,0.38779298736572265,2026-03-20
AAPL260320C00180000,180.0,34.1,33.55,33.8,0.3775086663818359,2026-03-20
AAPL260320C00185000,185.0,30.85,30.35,30.65,0.36923848541259763,2026-03-20
AAPL260320C00190000,190.0,27.1,27.3,27.55,0.35965606170654296,2026-03-20
AAPL260320C00195000,195.0,24.3,24.4,24.7,0.3517520880126953,2026-03-20
AAPL260320C00200000,200.0,21.55,21.75,22.0,0.34384811431884765,2026-03-20
AAPL260320C00210000,210.0,16.82,16.9,17.15,0.3293218923950195,2026-03-20
AAPL260320C00220000,220.0,12.83,12.85,13.1,0.3171455004882812,2026-03-20
AAPL260320C00230000,230.0,9.57,9.6,9.85,0.3075935940551757,2026-03-20
AAPL260320C00240000,240.0,7.05,7.05,7.2,0.298285825805664,2026-03-20
AAPL260320C00250000,250.0,5.15,5.1,5.25,0.29224340576171864,2026-03-20
AAPL260320C00260000,260.0,3.72,3.7,3.85,0.288947540283203,2026-03-20
AAPL260320C00270000,270.0,2.71,2.69,2.83,0.28717753845214833,2026-03-20
AAPL260320C00280000,280.0,2.0,1.96,2.09,0.28650615844726557,2026-03-20
AAPL260320C00290000,290.0,1.5,1.47,1.57,0.2873606420898437,2026-03-20
AAPL260320C00300000,300.0,1.15,1.11,1.21,0.2897409893798828,2026-03-20
AAPL260320C00310000,310.0,0.85,0.84,0.94,0.2923654748535155,2026-03-20
AAPL260320C00320000,320.0,0.67,0.65,0.72,0.29407444213867184,2026-03-20
AAPL260320C00330000,330.0,0.55,0.51,0.59,0.29883513671874995,2026-03-20
AAPL260320C00340000,340.0,0.46,0.39,0.48,0.30274134765625,2026-03-20
AAPL260320C00350000,350.0,0.35,0.31,0.38,0.3051827294921875,2026-03-20
AAPL260320C00360000,360.0,0.35,0.26,0.31,0.3086006640625,2026-03-20
AAPL260320C00370000,370.0,0.22,0.2,0.25,0.3112861840820312,2026-03-20
AAPL260618C00005000,5.0,197.49,189.6,193.5,1.51172119140625,2026-06-18
AAPL260618C00010000,10.0,160.95,187.15,189.95,2.050786123046875,2026-06-18
AAPL260618C00015000,15.0,157.52,181.7,185.05,1.6674821313476564,2026-06-18
AAPL260618C00020000,20.0,178.5,183.05,186.3,2.3010296380615234,2026-06-18
AAPL260618C00025000,25.0,146.95,172.15,175.45,1.3603547607421875,2026-06-18
AAPL260618C00030000,30.0,166.75,165.35,169.25,1.0004932788085936,2026-06-18
AAPL260618C00035000,35.0,155.34,162.9,165.65,1.1784709045410153,2026-06-18
AAPL260618C00040000,40.0,157.25,155.8,159.65,0.9125985302734375,2026-06-18
AAPL260618C00045000,45.0,156.53,151.05,154.9,0.87695435546875,2026-06-18
AAPL260618C00050000,50.0,153.75,146.8,149.1,0.8132342895507811,2026-06-18
AAPL260618C00055000,55.0,145.38,149.75,152.05,1.2518958303833005,2026-06-18
AAPL260618C00060000,60.0,147.71,136.8,139.75,0.7398707653808592,2026-06-18
AAPL260618C00065000,65.0,138.63,132.2,135.65,0.7426783544921874,2026-06-18
AAPL260618C00070000,70.0,128.78,128.1,130.85,0.7319362744140624,2026-06-18
AAPL260618C00075000,75.0,127.17,122.7,126.25,0.6878693322753908,2026-06-18
AAPL260618C00080000,80.0,134.96,118.3,120.85,0.6522251574707032,2026-06-18
AAPL260618C00085000,85.0,115.29,128.9,131.15,1.1467632994079586,2026-06-18
AAPL260618C00090000,90.0,110.3,109.4,111.9,0.6257361645507813,2026-06-18
AAPL260618C00095000,95.0,111.5,104.4,107.4,0.5991251025390626,2026-06-18
AAPL260618C00100000,100.0,101.1,100.55,102.55,0.5876506079101562,2026-06-18
AAPL260618C00105000,105.0,97.9,95.75,98.35,0.5697674859619142,2026-06-18
AAPL260618C00110000,110.0,99.0,92.0,93.3,0.5545088494873047,2026-06-18
AAPL260618C00115000,115.0,91.45,87.5,88.85,0.5363815893554689,2026-06-18
AAPL260618C00120000,120.0,84.57,83.45,84.1,0.5199022619628906,2026-06-18
AAPL260618C00125000,125.0,80.47,78.95,80.0,0.5053150054931641,2026-06-18
AAPL260618C00130000,130.0,75.01,74.7,75.55,0.49847913635253904,2026-06-18
AAPL260618C00135000,135.0,73.4,70.75,71.25,0.481999808959961,2026-06-18
AAPL260618C00140000,140.0,68.45,66.65,67.1,0.46796186340332036,2026-06-18
AAPL260618C00145000,145.0,68.6,62.4,63.3,0.45975271697998044,2026-06-18
AAPL260618C00150000,150.0,58.35,58.65,59.15,0.44385321777343745,2026-06-18
AAPL260618C00155000,155.0,56.45,54.75,55.25,0.4315547567749024,2026-06-18
AAPL260618C00160000,160.0,50.88,51.05,51.5,0.4206295730590821,2026-06-18
AAPL260618C00165000,165.0,48.5,47.4,47.95,0.41165749481201175,2026-06-18
AAPL260618C00170000,170.0,43.95,43.95,44.3,0.3998473101806641,2026-06-18
AAPL260618C00175000,175.0,40.7,40.55,40.95,0.3911498873901367,2026-06-18
AAPL260618C00180000,180.0,37.43,37.35,37.65,0.38175056732177726,2026-06-18
AAPL260618C00185000,185.0,34.5,34.2,34.5,0.3729921099853516,2026-06-18
AAPL260618C00190000,190.0,31.01,31.2,31.5,0.36475244628906256,2026-06-18
AAPL260618C00195000,195.0,28.4,28.4,28.7,0.3575808871459961,2026-06-18
AAPL260618C00200000,200.0,25.71,25.75,26.0,0.3501041552734374,2026-06-18
AAPL260618C00205000,205.0,23.2,23.2,23.45,0.34290207885742185,2026-06-18
AAPL260618C00210000,210.0,20.88,20.85,21.15,0.3372258660888672,2026-06-18
AAPL260618C00215000,215.0,18.6,18.65,19.05,0.3324041369628906,2026-06-18
AAPL260618C00220000,220.0,16.55,16.65,16.9,0.3252630950927734,2026-06-18
AAPL260618C00225000,225.0,14.9,14.75,15.05,0.32022774505615226,2026-06-18
AAPL260618C00230000,230.0,13.0,13.1,13.35,0.31546705047607415,2026-06-18
AAPL260618C00235000,235.0,11.7,11.55,11.8,0.3110420458984374,2026-06-18
AAPL260618C00240000,240.0,10.2,10.15,10.4,0.3069527313232422,2026-06-18
AAPL260618C00245000,245.0,9.05,8.9,9.2,0.3041146249389648,2026-06-18
AAPL260618C00250000,250.0,7.81,7.8,8.05,0.30039151763916017,2026-06-18
AAPL260618C00255000,255.0,6.85,6.85,7.1,0.29822479125976553,2026-06-18
AAPL260618C00260000,260.0,6.07,5.95,6.25,0.29621065124511714,2026-06-18
AAPL260618C00265000,265.0,5.3,5.2,5.5,0.2945016839599609,2026-06-18
AAPL260618C00270000,270.0,4.75,4.6,4.8,0.2922739230346678,2026-06-18
AAPL260618C00275000,275.0,4.08,4.0,4.2,0.2905954730224609,2026-06-18
AAPL260618C00280000,280.0,3.54,3.5,3.7,0.2897409893798828,2026-06-18
AAPL260618C00285000,285.0,3.17,3.1,3.25,0.28882547119140617,2026-06-18
AAPL260618C00290000,290.0,2.75,2.71,2.86,0.28815409118652335,2026-06-18
AAPL260618C00300000,300.0,2.18,2.1,2.24,0.28790995300292954,2026-06-18
AAPL260618C00310000,310.0,1.7,1.64,1.78,0.2887034020996093,2026-06-18
AAPL260618C00320000,320.0,1.35,1.32,1.46,0.2913889221191405,2026-06-18
AAPL260618C00330000,330.0,1.1,1.04,1.16,0.2919992675781249,2026-06-18
AAPL260618C00340000,340.0,0.9,0.84,0.94,0.29358616577148433,2026-06-18
AAPL260618C00350000,350.0,0.78,0.69,0.78,0.2962716857910156,2026-06-18
AAPL260618C00360000,360.0,0.65,0.56,0.66,0.2995675512695312,2026-06-18
AAPL260618C00370000,370.0,0.51,0.45,0.56,0.30261927856445314,2026-06-18
AAPL260618C00380000,380.0,0.44,0.38,0.49,0.30689169677734374,2026-06-18
AAPL260618C00390000,390.0,0.35,0.34,0.4,0.30762411132812495,2026-06-18
AAPL260918C00095000,95.0,106.83,105.8,108.6,0.5796550823974609,2026-09-18
AAPL260918C00100000,100.0,107.4,101.4,104.15,0.5632978240966797,2026-09-18
AAPL260918C00105000,105.0,104.75,96.0,99.85,0.5348557257080078,2026-09-18
AAPL260918C00110000,110.0,94.5,92.55,95.4,0.5308579629516602,2026-09-18
AAPL260918C00120000,120.0,101.6,83.85,86.5,0.5260667510986328,2026-09-18
AAPL260918C00135000,135.0,72.85,72.1,74.1,0.48389187988281257,2026-09-18
AAPL260918C00140000,140.0,73.55,68.15,69.75,0.4650932397460938,2026-09-18
AAPL260918C00145000,145.0,67.29,64.25,65.8,0.45273374420166024,2026-09-18
AAPL260918C00150000,150.0,61.8,60.45,62.25,0.44586735778808595,2026-09-18
AAPL260918C00155000,155.0,60.84,56.75,57.85,0.42517664672851563,2026-09-18
AAPL260918C00160000,160.0,58.6,53.45,54.65,0.4214840567016602,2026-09-18
AAPL260918C00165000,165.0,56.1,49.7,51.3,0.41431249755859373,2026-09-18
AAPL260918C00170000,170.0,47.6,46.5,47.85,0.4046842979431152,2026-09-18
AAPL260918C00175000,175.0,44.0,43.35,44.3,0.39278256149291996,2026-09-18
AAPL260918C00180000,180.0,40.5,40.3,41.0,0.3830933273315429,2026-09-18
AAPL260918C00185000,185.0,41.18,37.15,38.25,0.37900401275634765,2026-09-18
AAPL260918C00190000,190.0,35.0,34.35,35.15,0.3694673649597168,2026-09-18
AAPL260918C00195000,195.0,31.6,31.65,32.75,0.36696494857788087,2026-09-18
AAPL260918C00200000,200.0,29.03,28.7,29.8,0.35681795532226557,2026-09-18
AAPL260918C00205000,205.0,26.85,25.65,28.0,0.35858795715332037,2026-09-18
AAPL260918C00210000,210.0,24.75,24.3,26.65,0.36415735946655275,2026-09-18
AAPL260918C00215000,215.0,22.0,22.1,22.45,0.33612724426269536,2026-09-18
AAPL260918C00220000,220.0,20.15,20.05,20.4,0.3311834460449219,2026-09-18
AAPL260918C00225000,225.0,19.07,18.1,18.5,0.3266668896484375,2026-09-18
AAPL260918C00230000,230.0,16.35,16.35,16.7,0.32199774688720695,2026-09-18
AAPL260918C00235000,235.0,15.0,14.7,15.05,0.3177711045837402,2026-09-18
AAPL260918C00240000,240.0,13.36,13.2,13.55,0.31404799728393556,2026-09-18
AAPL260918C00245000,245.0,12.3,11.85,12.15,0.310279114074707,2026-09-18
AAPL260918C00250000,250.0,10.71,10.6,10.9,0.30713583496093744,2026-09-18
AAPL260918C00255000,255.0,9.75,9.5,9.8,0.30475548767089844,2026-09-18
AAPL260918C00260000,260.0,8.67,8.5,8.8,0.30252772674560546,2026-09-18
AAPL260918C00265000,265.0,7.72,7.55,7.8,0.2991403094482421,2026-09-18
AAPL260918C00270000,270.0,6.75,6.75,7.0,0.29752289398193354,2026-09-18
AAPL260918C00275000,275.0,7.0,6.05,6.25,0.29560030578613283,2026-09-18
AAPL260918C00280000,280.0,5.44,5.35,5.6,0.2942575457763671,2026-09-18
AAPL260918C00285000,285.0,4.88,4.8,5.05,0.2936472003173828,2026-09-18
AAPL260918C00290000,290.0,5.0,4.3,4.5,0.2921213366699218,2026-09-18
AAPL260918C00295000,295.0,4.5,3.85,4.05,0.29157202575683583,2026-09-18
AAPL260918C00300000,300.0,3.55,3.45,3.6,0.29013771392822263,2026-09-18
AAPL260918C00310000,310.0,2.93,2.75,2.96,0.29050392120361324,2026-09-18
AAPL260918C00320000,320.0,2.65,2.23,2.42,0.29053443847656246,2026-09-18
AAPL260918C00330000,330.0,2.26,1.81,1.99,0.29090064575195307,2026-09-18
AAPL260918C00340000,340.0,1.56,1.49,1.64,0.2914499566650389,2026-09-18
AAPL260918C00350000,350.0,1.27,1.23,1.37,0.29267064758300776,2026-09-18
AAPL260918C00360000,360.0,1.11,1.02,1.19,0.2957834094238281,2026-09-18
AAPL260918C00370000,370.0,0.92,0.86,1.02,0.29798065307617183,2026-09-18
AAPL260918C00380000,380.0,0.87,0.72,0.87,0.299811689453125,2026-09-18
AAPL260918C00390000,390.0,0.74,0.62,0.76,0.30249720947265624,2026-09-18
AAPL260918C00400000,400.0,0.58,0.53,0.66,0.304694453125,2026-09-18
AAPL261218C00005000,5.0,180.0,191.55,195.4,2.2773480566406246,2026-12-18
AAPL261218C00010000,10.0,162.32,186.55,190.35,1.6552751611328125,2026-12-18
AAPL261218C00015000,15.0,192.0,184.6,187.95,1.7902842517089845,2026-12-18
AAPL261218C00020000,20.0,177.15,189.8,193.65,2.771243306274415,2026-12-18
AAPL261218C00025000,25.0,164.99,172.1,175.9,1.1350140905761719,2026-12-18
AAPL261218C00030000,30.0,166.92,165.65,169.55,0.8652357226562499,2026-12-18
AAPL261218C00035000,35.0,146.2,162.8,166.55,0.9965820654296875,2026-12-18
AAPL261218C00040000,40.0,161.68,156.35,160.25,0.805666005859375,2026-12-18
AAPL261218C00045000,45.0,156.53,155.9,159.8,1.0339403771972657,2026-12-18
AAPL261218C00050000,50.0,151.25,155.2,158.0,1.1284223266601563,2026-12-18
AAPL261218C00060000,60.0,141.48,138.05,141.4,0.6938507177734375,2026-12-18
AAPL261218C00070000,70.0,130.05,129.2,131.95,0.6493565338134766,2026-12-18
AAPL261218C00080000,80.0,120.97,119.7,123.15,0.606144075317383,2026-12-18
AAPL261218C00085000,85.0,119.75,115.25,118.2,0.5809368078613282,2026-12-18
AAPL261218C00090000,90.0,115.22,110.8,114.45,0.5750469741821288,2026-12-18
AAPL261218C00095000,95.0,106.5,109.35,112.25,0.6263465100097658,2026-12-18
AAPL261218C00100000,100.0,105.6,102.6,105.0,0.5417526293945314,2026-12-18
AAPL261218C00105000,105.0,112.1,101.3,102.5,0.582584740600586,2026-12-18
AAPL261218C00110000,110.0,97.95,94.95,95.95,0.5184984674072266,2026-12-18
AAPL261218C00115000,115.0,105.5,90.55,92.1,0.5067798345947265,2026-12-18
AAPL261218C00120000,120.0,94.07,86.6,87.45,0.49921155090332037,2026-12-18
AAPL261218C00125000,125.0,85.83,82.4,83.65,0.49182637084960945,2026-12-18
AAPL261218C00130000,130.0,83.3,78.65,79.25,0.4731497998046875,2026-12-18
AAPL261218C00135000,135.0,87.4,74.7,75.45,0.46426927337646484,2026-12-18
AAPL261218C00140000,140.0,75.5,70.85,71.5,0.4522149505615235,2026-12-18
AAPL261218C00145000,145.0,67.3,66.95,67.75,0.44254097503662115,2026-12-18
AAPL261218C00150000,150.0,64.0,63.4,64.1,0.43350786224365234,2026-12-18
AAPL261218C00155000,155.0,67.67,59.55,60.55,0.42496302581787115,2026-12-18
AAPL261218C00160000,160.0,56.4,56.3,56.95,0.4149381016540527,2026-12-18
AAPL261218C00165000,165.0,55.0,52.9,53.45,0.4054014538574219,2026-12-18
AAPL261218C00170000,170.0,54.15,49.75,50.25,0.3986876538085938,2026-12-18
AAPL261218C00175000,175.0,48.25,46.55,47.1,0.39157712921142573,2026-12-18
AAPL261218C00180000,180.0,43.55,43.5,43.9,0.3829712582397461,2026-12-18
AAPL261218C00185000,185.0,40.92,40.5,41.0,0.3767915104675293,2026-12-18
AAPL261218C00190000,190.0,38.5,37.7,38.2,0.37070331451416016,2026-12-18
AAPL261218C00195000,195.0,35.2,35.0,35.55,0.36521020538330085,2026-12-18
AAPL261218C00200000,200.0,32.4,32.4,32.85,0.3581912326049804,2026-12-18
AAPL261218C00210000,210.0,27.68,27.65,28.05,0.3473576007080078,2026-12-18
AAPL261218C00220000,220.0,23.39,23.4,23.75,0.33757681472778317,2026-12-18
AAPL261218C00230000,230.0,19.84,19.6,19.95,0.3288030987548828,2026-12-18
AAPL261218C00240000,240.0,16.27,16.3,16.65,0.32117378051757806,2026-12-18
AAPL261218C00250000,250.0,13.5,13.45,13.8,0.31438368728637694,2026-12-18
AAPL261218C00260000,260.0,11.08,11.05,11.4,0.3087532504272461,2026-12-18
AAPL261218C00270000,270.0,9.2,9.05,9.35,0.3035347967529296,2026-12-18
AAPL261218C00280000,280.0,7.5,7.4,7.7,0.2998727239990234,2026-12-18
AAPL261218C00290000,290.0,6.25,6.0,6.35,0.2970956521606445,2026-12-18
AAPL261218C00300000,300.0,5.05,4.95,5.25,0.29505099487304687,2026-12-18
AAPL261218C00310000,310.0,4.36,4.05,4.35,0.2935556484985351,2026-12-18
AAPL261218C00320000,320.0,3.71,3.35,3.6,0.29224340576171864,2026-12-18
AAPL261218C00330000,330.0,2.86,2.79,2.99,0.2913889221191405,2026-12-18
AAPL261218C00340000,340.0,2.4,2.32,2.53,0.29181616394042953,2026-12-18
AAPL261218C00350000,350.0,2.07,1.95,2.16,0.29279271667480455,2026-12-18
AAPL261218C00360000,360.0,1.73,1.67,1.81,0.2926096130371093,2026-12-18
AAPL261218C00370000,370.0,1.57,1.43,1.57,0.2942575457763671,2026-12-18
AAPL261218C00380000,380.0,1.49,1.12,1.43,0.29846892944335934,2026-12-18
AAPL261218C00390000,390.0,1.09,0.96,1.25,0.30011686218261713,2026-12-18
AAPL261218C00400000,400.0,1.03,0.82,1.09,0.30152065673828127,2026-12-18
AAPL261218C00410000,410.0,0.87,0.7,0.97,0.30383996948242187,2026-12-18
AAPL261218C00420000,420.0,0.83,0.71,0.83,0.3040230731201171,2026-12-18
AAPL261218C00430000,430.0,0.68,0.52,0.75,0.30664755859375,2026-12-18
AAPL261218C00440000,440.0,0.61,0.46,0.68,0.30933307861328124,2026-12-18
AAPL261218C00450000,450.0,0.56,0.46,0.58,0.3090889404296875,2026-12-18
AAPL270115C00005000,5.0,193.45,189.6,193.5,1.2070352148437498,2027-01-15
AAPL270115C00010000,10.0,201.58,184.65,188.55,1.001958115234375,2027-01-15
AAPL270115C00015000,15.0,193.68,179.8,183.65,0.92773509765625,2027-01-15
AAPL270115C00020000,20.0,176.82,175.05,178.95,0.9086923193359374,2027-01-15
AAPL270115C00025000,25.0,172.1,170.35,174.25,0.8784191845703124,2027-01-15
AAPL270115C00030000,30.0,167.5,165.7,169.6,0.8510757080078125,2027-01-15
AAPL270115C00035000,35.0,165.98,165.3,169.2,1.1501507336425782,2027-01-15
AAPL270115C00040000,40.0,160.8,163.15,166.8,1.2042276116943358,2027-01-15
AAPL270115C00045000,45.0,146.88,153.75,157.55,0.8897716101074218,2027-01-15
AAPL270115C00050000,50.0,151.29,147.25,150.85,0.7321804125976561,2027-01-15
AAPL270115C00060000,60.0,139.86,138.1,142.0,0.6936065795898438,2027-01-15
AAPL270115C00070000,70.0,136.93,129.05,132.55,0.6428868719482423,2027-01-15
AAPL270115C00080000,80.0,121.58,120.45,123.45,0.6094399407958986,2027-01-15
AAPL270115C00085000,85.0,120.19,118.65,121.55,0.6669955175781253,2027-01-15
AAPL270115C00090000,90.0,113.25,119.0,122.35,0.765749412841797,2027-01-15
AAPL270115C00095000,95.0,110.37,122.05,125.2,0.8940135110473632,2027-01-15
AAPL270115C00100000,100.0,105.0,103.0,106.0,0.5458114266967774,2027-01-15
AAPL270115C00105000,105.0,114.15,103.6,105.0,0.6189002954101563,2027-01-15
AAPL270115C00110000,110.0,101.3,95.15,96.35,0.512272943725586,2027-01-15
AAPL270115C00115000,115.0,81.18,93.1,94.1,0.5388840057373048,2027-01-15
AAPL270115C00120000,120.0,88.6,86.95,88.05,0.4981739636230469,2027-01-15
AAPL270115C00125000,125.0,86.07,83.0,84.2,0.48944602355957045,2027-01-15
AAPL270115C00130000,130.0,81.56,79.1,79.95,0.473210834350586,2027-01-15
AAPL270115C00135000,135.0,81.15,75.15,76.3,0.46628341339111334,2027-01-15
AAPL270115C00140000,140.0,72.5,71.35,72.4,0.4546258151245117,2027-01-15
AAPL270115C00145000,145.0,69.55,67.6,68.4,0.44098459411621094,2027-01-15
AAPL270115C00150000,150.0,65.0,64.15,64.75,0.4317683776855469,2027-01-15
AAPL270115C00155000,155.0,68.1,60.3,61.55,0.4276180285644532,2027-01-15
AAPL270115C00160000,160.0,56.9,57.2,57.7,0.4142209457397461,2027-01-15
AAPL270115C00165000,165.0,55.85,53.65,54.35,0.4063932652282715,2027-01-15
AAPL270115C00170000,170.0,51.7,50.45,51.15,0.3994811029052735,2027-01-15
AAPL270115C00175000,175.0,48.0,47.35,47.9,0.39110411148071283,2027-01-15
AAPL270115C00180000,180.0,44.8,44.25,44.8,0.38356634506225584,2027-01-15
AAPL270115C00185000,185.0,41.4,41.35,41.85,0.3767762518310547,2027-01-15
AAPL270115C00190000,190.0,38.58,38.6,39.05,0.3706575386047363,2027-01-15
AAPL270115C00195000,195.0,35.96,35.85,36.45,0.36568322311401363,2027-01-15
AAPL270115C00200000,200.0,33.2,33.3,33.75,0.35869476760864255,2027-01-15
AAPL270115C00210000,210.0,28.66,28.55,28.95,0.34799846343994134,2027-01-15
AAPL270115C00220000,220.0,24.38,24.2,24.65,0.3384465570068359,2027-01-15
AAPL270115C00230000,230.0,20.37,20.45,20.8,0.3295202546691894,2027-01-15
AAPL270115C00240000,240.0,17.1,17.1,17.45,0.3217993846130371,2027-01-15
AAPL270115C00250000,250.0,14.3,14.25,14.6,0.3155280850219726,2027-01-15
AAPL270115C00260000,260.0,11.75,11.8,12.1,0.30939411315917964,2027-01-15
AAPL270115C00270000,270.0,9.88,9.7,10.05,0.30486229812622073,2027-01-15
AAPL270115C00280000,280.0,8.1,8.0,8.3,0.30063565582275387,2027-01-15
AAPL270115C00290000,290.0,6.74,6.55,6.9,0.2979196185302734,2027-01-15
AAPL270115C00300000,300.0,5.47,5.45,5.7,0.2951120294189453,2027-01-15
AAPL270115C00310000,310.0,4.5,4.5,4.75,0.2935251312255859,2027-01-15
AAPL270115C00320000,320.0,3.8,3.75,3.95,0.2920297848510741,2027-01-15
AAPL270115C00330000,330.0,3.25,3.15,3.3,0.2910837493896483,2027-01-15
AAPL270115C00340000,340.0,2.72,2.62,2.8,0.29132788757324213,2027-01-15
AAPL270115C00350000,350.0,2.27,2.25,2.39,0.291877198486328,2027-01-15
AAPL270115C00360000,360.0,1.9,1.9,2.05,0.29267064758300776,2027-01-15
AAPL270115C00370000,370.0,1.67,1.6,1.77,0.2937692694091796,2027-01-15
AAPL270115C00380000,380.0,1.41,1.38,1.52,0.29444064941406245,2027-01-15
AAPL270115C00390000,390.0,1.22,1.17,1.33,0.2960275476074219,2027-01-15
AAPL270115C00400000,400.0,1.06,0.99,1.13,0.29596651306152344,2027-01-15
AAPL270115C00410000,410.0,0.92,0.85,1.02,0.29883513671874995,2027-01-15
AAPL270115C00420000,420.0,0.82,0.74,0.88,0.29932341308593746,2027-01-15
AAPL270115C00430000,430.0,0.73,0.67,0.81,0.30274134765625,2027-01-15
AAPL270115C00440000,440.0,0.63,0.59,0.72,0.3043282458496094,2027-01-15
AAPL270115C00450000,450.0,0.57,0.53,0.62,0.30445031494140623,2027-01-15
AAPL270617C00050000,50.0,151.55,147.0,151.5,0.6629672375488282,2027-06-17
AAPL270617C00055000,55.0,148.46,142.5,147.5,0.656924817504883,2027-06-17
AAPL270617C00060000,60.0,155.15,138.0,143.0,0.6367223828125,2027-06-17
AAPL270617C00065000,65.0,119.15,136.0,140.9,0.7028838305664062,2027-06-17
AAPL270617C00070000,70.0,116.0,131.9,136.5,0.6831696722412111,2027-06-17
AAPL270617C00075000,75.0,126.92,125.0,129.85,0.5907023352050782,2027-06-17
AAPL270617C00080000,80.0,123.26,121.0,125.5,0.5796855996704101,2027-06-17
AAPL270617C00085000,85.0,124.85,116.5,121.0,0.5593916131591796,2027-06-17
AAPL270617C00090000,90.0,123.0,116.5,121.5,0.6461217028808592,2027-06-17
AAPL270617C00095000,95.0,112.05,108.0,112.5,0.531529342956543,2027-06-17
AAPL270617C00100000,100.0,108.7,105.45,106.75,0.519261399230957,2027-06-17
AAPL270617C00105000,105.0,110.49,101.3,103.05,0.510869149169922,2027-06-17
AAPL270617C00110000,110.0,98.0,97.25,98.95,0.5140429455566407,2027-06-17
AAPL270617C00115000,115.0,107.5,93.15,94.6,0.4962513754272462,2027-06-17
AAPL270617C00120000,120.0,90.66,89.35,90.95,0.4897511962890626,2027-06-17
AAPL270617C00125000,125.0,88.35,85.5,86.9,0.47641514801025386,2027-06-17
AAPL270617C00130000,130.0,84.53,81.75,83.05,0.46570358520507815,2027-06-17
AAPL270617C00135000,135.0,84.9,78.0,79.35,0.4565789205932618,2027-06-17
AAPL270617C00140000,140.0,78.5,74.35,75.65,0.44688968643188476,2027-06-17
AAPL270617C00145000,145.0,71.24,70.75,72.1,0.4385584709167481,2027-06-17
AAPL270617C00150000,150.0,69.0,67.3,68.6,0.4302119967651368,2027-06-17
AAPL270617C00155000,155.0,63.95,63.85,64.85,0.418401812133789,2027-06-17
AAPL270617C00160000,160.0,61.75,60.75,61.55,0.4112302529907227,2027-06-17
AAPL270617C00165000,165.0,62.21,57.5,58.15,0.40230395065307617,2027-06-17
AAPL270617C00170000,170.0,54.6,54.35,55.3,0.3985503260803223,2027-06-17
AAPL270617C00175000,175.0,52.35,51.3,52.3,0.39243161285400385,2027-06-17
AAPL270617C00180000,180.0,48.57,48.55,49.05,0.3831238446044921,2027-06-17
AAPL270617C00185000,185.0,47.0,45.6,46.5,0.3800263414001465,2027-06-17
AAPL270617C00190000,190.0,42.95,43.0,43.45,0.37135943588256837,2027-06-17
AAPL270617C00195000,195.0,41.32,40.15,41.15,0.369070640411377,2027-06-17
AAPL270617C00200000,200.0,37.7,37.85,38.35,0.3613650289916992,2027-06-17
AAPL270617C00210000,210.0,33.63,33.1,33.65,0.35205726074218746,2027-06-17
AAPL270617C00220000,220.0,29.35,28.8,29.25,0.3424900956726074,2027-06-17
AAPL270617C00230000,230.0,25.6,24.95,25.5,0.3358068128967285,2027-06-17
AAPL270617C00240000,240.0,21.9,21.5,21.85,0.32707887283325193,2027-06-17
AAPL270617C00250000,250.0,18.5,18.45,18.85,0.32140266006469725,2027-06-17
AAPL270617C00260000,260.0,15.9,15.8,16.15,0.3157722232055663,2027-06-17
AAPL270617C00270000,270.0,13.65,13.45,13.8,0.31081316635131834,2027-06-17
AAPL270617C00280000,280.0,12.02,11.4,11.75,0.306296609954834,2027-06-17
AAPL270617C00290000,290.0,9.8,9.7,10.1,0.3036416072082519,2027-06-17
AAPL270617C00300000,300.0,8.3,8.25,8.6,0.30039151763916017,2027-06-17
AAPL270617C00310000,310.0,7.9,7.0,7.35,0.29799591171264644,2027-06-17
AAPL270617C00320000,320.0,6.37,5.95,6.25,0.2954782366943359,2027-06-17
AAPL270617C00330000,330.0,5.26,5.1,5.4,0.2945932357788086,2027-06-17
AAPL270617C00340000,340.0,4.46,4.35,4.6,0.292701164855957,2027-06-17
AAPL270617C00350000,350.0,3.8,3.75,4.0,0.2925180612182616,2027-06-17
AAPL270617C00360000,360.0,3.45,3.2,3.45,0.2917856466674803,2027-06-17
AAPL270617C00370000,370.0,3.35,2.76,3.05,0.292701164855957,2027-06-17
AAPL270617C00380000,380.0,2.68,2.39,2.65,0.29242650939941395,2027-06-17
AAPL270617C00390000,390.0,2.15,2.08,2.32,0.2926096130371093,2027-06-17
AAPL270617C00400000,400.0,2.0,1.81,2.04,0.2929758203124999,2027-06-17
AAPL270617C00410000,410.0,1.76,1.59,1.83,0.294379614868164,2027-06-17
AAPL270617C00420000,420.0,1.59,1.4,1.63,0.29529513305664057,2027-06-17
AAPL270617C00430000,430.0,1.45,1.23,1.46,0.2963937548828125,2027-06-17
AAPL270617C00440000,440.0,1.28,1.09,1.3,0.2971261694335937,2027-06-17
AAPL270617C00450000,450.0,1.08,1.05,1.13,0.2966378930664062,2027-06-17
AAPL271217C00050000,50.0,150.67,147.5,152.5,0.6295813409423829,2027-12-17
AAPL271217C00055000,55.0,150.5,143.5,148.0,0.618717191772461,2027-12-17
AAPL271217C00060000,60.0,144.5,139.0,144.0,0.6060830407714846,2027-12-17
AAPL271217C00065000,65.0,141.88,134.5,139.5,0.5845378460693358,2027-12-17
AAPL271217C00070000,70.0,132.86,130.5,135.5,0.5781902532958985,2027-12-17
AAPL271217C00075000,75.0,139.9,126.5,131.0,0.5636335140991212,2027-12-17
AAPL271217C00080000,80.0,123.97,122.1,126.4,0.5429428030395509,2027-12-17
AAPL271217C00085000,85.0,122.6,118.05,122.4,0.5335129656982422,2027-12-17
AAPL271217C00090000,90.0,122.5,114.0,118.5,0.5243272665405273,2027-12-17
AAPL271217C00095000,95.0,115.5,110.0,114.45,0.5134326000976561,2027-12-17
AAPL271217C00100000,100.0,109.55,106.0,109.9,0.5314377911376953,2027-12-17
AAPL271217C00105000,105.0,111.5,102.05,106.5,0.528050373840332,2027-12-17
AAPL271217C00110000,110.0,105.3,98.15,102.45,0.5137072555541992,2027-12-17
AAPL271217C00115000,115.0,102.3,94.25,98.05,0.4943898217773438,2027-12-17
AAPL271217C00120000,120.0,96.74,90.5,94.8,0.4912770599365235,2027-12-17
AAPL271217C00125000,125.0,88.95,87.85,90.25,0.47031169342041024,2027-12-17
AAPL271217C00130000,130.0,85.05,84.5,87.5,0.4722953161621094,2027-12-17
AAPL271217C00135000,135.0,85.75,79.0,84.0,0.46402513519287114,2027-12-17
AAPL271217C00140000,140.0,78.84,76.5,80.5,0.45532771240234376,2027-12-17
AAPL271217C00145000,145.0,74.5,73.1,76.15,0.4369105381774902,2027-12-17
AAPL271217C00150000,150.0,71.0,70.0,72.9,0.4304256176757813,2027-12-17
AAPL271217C00155000,155.0,71.7,66.5,69.55,0.42235379898071285,2027-12-17
AAPL271217C00160000,160.0,66.06,63.35,66.5,0.4168301725769042,2027-12-17
AAPL271217C00165000,165.0,61.72,61.25,62.8,0.4044859356689453,2027-12-17
AAPL271217C00170000,170.0,58.45,57.2,61.0,0.4096891307067871,2027-12-17
AAPL271217C00175000,175.0,56.7,54.25,57.55,0.3987639469909668,2027-12-17
AAPL271217C00180000,180.0,53.08,52.6,55.5,0.4000304138183594,2027-12-17
AAPL271217C00185000,185.0,50.0,49.2,50.85,0.3777528045654296,2027-12-17
AAPL271217C00190000,190.0,47.35,47.3,49.85,0.3868774691772461,2027-12-17
AAPL271217C00195000,195.0,45.1,44.5,45.7,0.3683840017700196,2027-12-17
AAPL271217C00200000,200.0,42.35,42.05,43.3,0.3642946871948243,2027-12-17
AAPL271217C00205000,205.0,40.0,39.9,41.35,0.36331813446044925,2027-12-17
AAPL271217C00210000,210.0,37.93,36.5,39.9,0.36582055084228515,2027-12-17
AAPL271217C00215000,215.0,35.75,33.65,38.5,0.36806357040405274,2027-12-17
AAPL271217C00220000,220.0,33.73,33.0,36.0,0.36081571807861323,2027-12-17
AAPL271217C00225000,225.0,31.76,30.0,34.0,0.357077352142334,2027-12-17
AAPL271217C00230000,230.0,30.0,28.6,31.2,0.34636578933715817,2027-12-17
AAPL271217C00235000,235.0,28.02,25.5,30.4,0.35123329437255857,2027-12-17
AAPL271217C00240000,240.0,26.31,24.0,29.0,0.35074501800537106,2027-12-17
AAPL271217C00245000,245.0,24.5,22.0,27.0,0.34488570159912113,2027-12-17
AAPL271217C00250000,250.0,23.0,22.8,23.15,0.32330998962402335,2027-12-17
AAPL271217C00255000,255.0,22.2,20.4,23.0,0.33151913604736327,2027-12-17
AAPL271217C00260000,260.0,20.1,20.05,22.5,0.3364476756286621,2027-12-17
AAPL271217C00265000,265.0,19.28,16.5,21.5,0.33682914154052734,2027-12-17
AAPL271217C00270000,270.0,17.77,17.65,19.05,0.3244086114501953,2027-12-17
AAPL271217C00275000,275.0,17.59,16.0,17.85,0.3220435227966308,2027-12-17
AAPL271217C00280000,280.0,15.55,13.0,17.8,0.3293524096679687,2027-12-17
AAPL271217C00285000,285.0,14.95,13.25,17.0,0.3297796514892578,2027-12-17
AAPL271217C00290000,290.0,13.8,12.1,14.8,0.317038690032959,2027-12-17
AAPL271217C00295000,295.0,12.75,10.0,13.9,0.31555860229492183,2027-12-17
AAPL271217C00300000,300.0,11.7,11.5,14.0,0.32320317916870106,2027-12-17
AAPL271217C00305000,305.0,11.2,8.5,13.25,0.3225317991638183,2027-12-17
AAPL271217C00310000,310.0,10.3,8.0,11.5,0.3114845463562011,2027-12-17
AAPL271217C00315000,315.0,10.3,9.0,10.8,0.31034014862060544,2027-12-17
AAPL271217C00320000,320.0,9.3,6.5,10.2,0.3098518722534179,2027-12-17
AAPL271217C00325000,325.0,9.31,6.0,11.0,0.32398136962890617,2027-12-17
AAPL271217C00330000,330.0,7.7,6.55,9.0,0.30783773223876953,2027-12-17
AAPL271217C00335000,335.0,7.18,6.05,8.5,0.3074410076904296,2027-12-17
AAPL271217C00340000,340.0,7.0,4.0,8.0,0.3067085931396484,2027-12-17
AAPL271217C00345000,345.0,6.29,5.15,8.55,0.3182441223144531,2027-12-17
AAPL271217C00350000,350.0,5.9,5.5,6.5,0.2978280667114257,2027-12-17
AAPL271217C00355000,355.0,6.31,3.0,7.75,0.3183967086791991,2027-12-17
AAPL271217C00360000,360.0,5.5,2.8,7.5,0.31998360687255856,2027-12-17
AAPL271217C00365000,365.0,5.15,3.65,6.05,0.30548790222167965,2027-12-17
AAPL271217C00370000,370.0,5.43,3.35,5.75,0.305671005859375,2027-12-17
AAPL271217C00375000,375.0,4.43,3.05,5.45,0.30560997131347656,2027-12-17
AAPL271217C00380000,380.0,4.0,3.8,5.2,0.3060372131347656,2027-12-17
AAPL271217C00385000,385.0,3.9,3.55,4.95,0.3062813513183594,2027-12-17
AAPL271217C00390000,390.0,3.95,2.87,4.7,0.30631186859130854,2027-12-17
AAPL271217C00395000,395.0,3.32,2.83,4.5,0.30692221405029296,2027-12-17
AAPL271217C00400000,400.0,3.1,3.05,4.0,0.30225307128906254,2027-12-17
AAPL271217C00405000,405.0,3.05,2.58,4.1,0.3076546286010742,2027-12-17
AAPL271217C00410000,410.0,3.1,2.7,5.5,0.33396051788330083,2027-12-17
AAPL271217C00415000,415.0,2.9,0.0,5.0,0.3298712033081054,2027-12-17
AAPL271217C00420000,420.0,2.6,1.71,3.0,0.2973703076171874,2027-12-17
AAPL271217C00425000,425.0,2.45,2.18,5.0,0.3369817279052735,2027-12-17
AAPL271217C00430000,430.0,2.21,1.86,5.0,0.3404606970214844,2027-12-17
AAPL271217C00435000,435.0,2.12,1.73,3.05,0.3082649740600586,2027-12-17
AAPL271217C00440000,440.0,1.93,1.85,2.4,0.29688203124999996,2027-12-17
